hr,steps,temp,calories
122,0,77.9,7.5
135,0,77.9,8.2
111,0,77.9,6.2
109,0,77,5.6
126,0,77,9
125,0,77,5.7
138,0,77,10.1
149,0,76.1,13.3
129,0,76.1,10.4
129,0,76.1,6.7
148,0,76.1,8.6
169,0,76.1,10.3
161,0,75.2,12.8
146,0,75.2,10.8
160,0,75.2,11.6
156,0,75.2,10.7
147,0,75.2,11.5
145,0,75.2,12.3
133,0,74.3,1.6
143,0,74.3,1.5
133,0,74.3,1.5
125,0,74.3,1.5
98,0,74.3,1.4
112,0,74.3,1.5
134,0,74.3,1.5
129,0,74.3,1.4
132,0,73.4,1.5
137,0,73.4,1.5
145,0,73.4,1.4
135,0,73.4,1.5
112,0,73.4,1.5
116,0,73.4,1.4
106,0,73.4,1.5
99,0,73.4,1.5
109,0,73.4,1.4
129,0,74.3,1.5
149,0,74.3,1.5
163,0,74.3,1.4
130,0,74.3,1.5
92,0,74.3,1.5
91,0,74.3,1.4
85,0,74.3,1.5
85,0,74.3,1.5
83,0,74.3,1.4
111,0,75.2,1.5
112,0,75.2,1.5
118,0,75.2,1.4
115,0,75.2,1.5
128,0,75.2,1.5
131,0,76.1,1.4
129,0,76.1,1.5
136,0,76.1,1.5
130,0,76.1,1.4
123,0,76.1,1.5
90,0,76.1,1.5
89,0,77,1.5
101,0,77,1.4
129,0,77,1.5
148,0,77,1.5
143,0,77,1.4
108,0,77,1.5
117,0,77,1.5
128,0,77,1.4
135,0,77,1.5
151,0,77,1.5
139,0,77,1.4
136,0,76.1,1.5
145,0,76.1,1.5
136,0,76.1,1.4
118,0,76.1,1.5
116,0,76.1,1.5
133,0,76.1,1.4
131,0,76.1,1.5
115,0,76.1,1.5
131,0,77,1.4
130,0,77,1.5
127,0,77,1.5
120,0,76.1,1.4
137,0,76.1,1.5
131,0,76.1,1.5
124,0,76.1,1.4
141,0,76.1,1.5
141,0,76.1,1.5
144,0,76.1,1.4
135,0,76.1,1.5
136,0,75.2,1.5
129,0,75.2,1.4
133,0,75.2,1.5
129,0,75.2,1.5
105,0,74.3,3.2
100,30,79.7,2.8
91,14,81.5,2.1
97,0,82.4,2.3
99,0,83.3,2.7
104,0,83.3,2.9
109,0,84.2,4.2
104,12,84.2,3.4
95,7,85.1,2.4
92,23,85.1,2.4
95,19,85.1,2.4
106,60,85.1,3.3
117,108,86,5.9
126,116,84.2,9.1
128,91,84.2,9.8
127,83,83.3,9.6
129,105,82.4,10
121,98,81.5,7.4
127,93,81.5,9.6
116,112,80.6,5.5
117,101,80.6,6.2
117,78,80.6,4.7
103,0,80.6,2.5
96,13,80.6,2.2
93,0,81.5,1.8
90,0,81.5,1.7
87,0,81.5,1.6
89,0,82.4,1.7
91,0,83.3,1.8
97,21,84.2,2.2
113,114,84.2,3.8
120,110,84.2,7.2
114,71,83.3,4.4
106,28,83.3,2.7
98,17,83.3,2.4
109,74,83.3,3.4
89,55,84.2,2
76,0,84.2,1.6
91,0,84.2,1.8
89,0,84.2,2.1
94,0,84.2,2.1
105,0,84.2,2.8
93,0,85.1,2
101,0,85.1,2.5
92,0,85.1,1.8
94,0,85.1,1.9
85,0,85.1,1.7
81,0,86,1.5
84,0,86,1.6
95,0,86,2.1
94,0,86,2
88,0,86,1.6
83,0,86,1.5
89,0,86.9,1.8
86,0,86.9,1.5
86,15,86.9,1.7
95,28,86.9,2.2
84,0,86.9,1.6
81,0,86.9,1.5
79,0,86.9,1.5
77,0,86.9,1.5
81,0,86.9,1.5
91,0,86.9,1.7
64,8,86.9,1.5
66,10,86.9,1.4
84,0,86.9,1.5
78,0,86.9,1.6
93,10,86.9,1.9
104,14,86.9,2.7
93,0,86.9,1.9
95,0,86.9,2.1
95,20,87.8,2.2
108,20,87.8,3.6
99,0,87.8,2.4
95,0,87.8,2.1
96,0,86.9,2
95,0,86.9,2
98,0,86.9,2.2
100,0,86.9,2.5
96,0,87.8,2.3
92,0,87.8,1.9
90,0,87.8,1.7
88,0,87.8,1.7
95,0,87.8,2
87,0,87.8,1.6
86,0,87.8,1.6
88,0,87.8,1.7
94,0,87.8,1.9
91,0,87.8,1.7
88,0,87.8,1.6
90,0,87.8,1.8
92,0,87.8,1.8
92,0,87.8,1.8
93,0,87.8,1.9
93,0,88.7,1.9
102,8,87.8,2.7
98,0,87.8,2.3
94,0,88.7,2
98,0,88.7,2.2
96,0,87.8,2.1
98,0,88.7,2.2
98,0,88.7,2.2
100,0,88.7,2.4
95,0,88.7,2.1
97,0,88.7,2.3
97,0,88.7,2.2
99,0,88.7,2.3
95,0,87.8,2.1
95,0,88.7,2
95,0,87.8,2
97,0,87.8,2.1
96,0,88.7,2.2
95,0,88.7,2.1
97,0,88.7,2.3
98,0,88.7,2.2
100,0,88.7,2.4
101,0,87.8,2.4
98,0,87.8,2.2
99,0,88.7,2.3
96,0,88.7,2.2
97,0,88.7,2.2
94,0,88.7,2
96,0,88.7,2.1
99,0,88.7,2.3
94,0,87.8,2
94,0,87.8,2
81,0,87.8,1.5
87,0,88.7,1.6
90,0,88.7,1.7
93,0,88.7,1.9
93,0,88.7,1.8
93,0,88.7,1.9
93,0,88.7,1.8
97,0,88.7,2.2
99,13,88.7,2.3
103,0,88.7,2.6
98,14,88.7,2.4
89,0,88.7,1.8
91,0,88.7,1.8
94,0,88.7,2
74,0,88.7,1.4
91,0,88.7,1.7
94,0,88.7,2
89,0,88.7,1.7
90,0,88.7,1.6
98,87,89.6,2.7
109,51,88.7,3.3
110,7,88.7,4.5
95,0,88.7,2
92,0,88.7,1.7
94,0,87.8,2
93,0,87.8,1.8
96,0,87.8,2.1
98,0,87.8,2.2
91,0,87.8,1.8
94,0,87.8,1.9
97,0,87.8,2.1
109,0,87.8,3
112,0,87.8,3.7
110,0,87.8,2.8
106,0,87.8,2.8
104,0,88.7,2.7
107,0,88.7,2.8
112,0,88.7,3.4
109,0,88.7,3
109,0,88.7,3
108,0,88.7,2.9
117,0,88.7,4.4
117,0,88.7,4.8
129,0,88.7,2.9
116,0,87.8,5.1
122,0,87.8,6.2
126,0,87.8,6.2
117,0,88.7,5.2
121,0,87.8,6.8
126,0,87.8,7.6
129,7,87.8,9.1
117,0,87.8,5.4
111,80,87.8,4.5
102,39,87.8,3
89,46,87.8,2
111,0,86.9,3.1
109,0,86.9,3
114,30,86.9,4.3
109,0,86.9,3
106,0,86.9,2.7
108,0,86.9,2.8
108,0,86.9,3
108,0,87.8,3
104,0,87.8,2.8
102,0,87.8,2.5
100,0,87.8,2.3
101,0,87.8,2.5
102,0,87.8,2.5
103,0,87.8,2.5
103,0,87.8,2.6
102,0,87.8,2.4
103,0,87.8,2.5
104,0,87.8,2.6
104,0,87.8,2.6
102,0,87.8,2.5
99,0,87.8,2.3
104,0,87.8,2.7
104,0,87.8,2.6
109,55,88.7,3.2
118,82,88.7,6
110,0,88.7,3.3
102,0,88.7,2.6
117,51,88.7,5.2
115,51,88.7,4.7
108,19,88.7,3.1
105,0,88.7,2.6
93,0,88.7,2.1
98,0,88.7,2.2
104,0,88.7,2.8
107,0,88.7,2.9
112,0,88.7,3.4
111,0,88.7,3.3
112,0,88.7,3.5
110,0,88.7,3.2
111,0,89.6,3.2
111,0,89.6,3.3
109,0,89.6,3.1
105,0,89.6,2.9
111,0,89.6,3.6
110,0,89.6,3.3
112,0,90.5,3.4
111,0,90.5,3.3
103,0,90.5,2.7
100,0,90.5,2.3
101,0,90.5,2.4
105,0,90.5,2.8
99,25,90.5,2.4
115,67,90.5,4.5
110,52,90.5,4.1
108,0,89.6,3.1
104,0,89.6,2.7
101,0,89.6,2.3
102,0,89.6,2.5
101,0,89.6,2.4
106,13,89.6,2.8
99,13,90.5,2.4
97,14,90.5,2.1
96,0,90.5,2.1
104,0,90.5,2.7
101,0,90.5,2.4
100,0,90.5,2.3
98,0,90.5,2.2
99,0,90.5,2.3
100,0,90.5,2.3
100,0,90.5,2.3
102,0,90.5,2.5
95,0,90.5,2.1
103,0,90.5,2.6
99,0,90.5,2.3
100,0,90.5,2.3
98,0,91.4,2.3
98,0,91.4,2.1
97,0,91.4,2.1
98,0,91.4,2.2
98,0,91.4,2.2
98,0,91.4,2.2
96,0,91.4,2.1
96,0,91.4,2
96,0,90.5,2.1
98,0,90.5,2.2
95,0,90.5,1.9
103,0,90.5,2.7
95,0,90.5,2
87,0,90.5,1.6
84,0,90.5,1.7
100,0,91.4,2.4
99,0,91.4,2.4
98,0,91.4,2.2
103,7,90.5,2.7
101,0,90.5,2.4
105,0,90.5,2.7
100,0,90.5,2.4
101,12,90.5,2.7
97,0,90.5,2.1
95,0,90.5,2
96,0,90.5,2.1
98,0,90.5,2.2
96,0,90.5,2
97,0,90.5,2.2
98,0,90.5,2.3
94,0,90.5,2
93,0,90.5,2
96,0,90.5,2.1
100,0,90.5,2.5
92,0,90.5,1.9
95,0,90.5,2.1
98,0,90.5,2.3
97,0,90.5,2.2
95,15,90.5,2.1
100,12,90.5,2.7
98,0,90.5,2.3
98,0,89.6,2.3
94,17,89.6,2.1
95,0,89.6,2.1
94,0,89.6,2
94,0,89.6,1.9
98,0,89.6,2.5
93,0,89.6,1.9
92,0,89.6,1.9
94,0,89.6,2
95,0,89.6,2
94,0,89.6,2
105,0,89.6,2.6
106,40,89.6,2.9
104,0,89.6,2.8
102,13,89.6,2.3
97,11,88.7,2.6
103,56,88.7,2.8
101,44,88.7,2.8
99,50,87.8,2.5
102,67,87.8,2.9
111,64,87.8,4.2
102,50,87.8,2.7
109,0,87.8,3
107,0,87.8,2.9
109,0,87.8,3.1
106,0,87.8,2.9
102,0,88.7,2.6
102,0,88.7,2.5
97,0,89.6,2.2
105,0,89.6,2.8
104,0,89.6,2.6
103,0,89.6,2.6
104,0,89.6,2.6
99,0,90.5,2.2
101,0,90.5,2.5
100,0,90.5,2.3
100,0,91.4,2.4
101,0,91.4,2.4
103,0,91.4,2.6
101,0,91.4,2.4
101,0,91.4,2.4
102,0,91.4,2.5
99,0,91.4,2.3
103,0,91.4,2.6
100,0,91.4,2.4
95,0,91.4,2.1
103,0,91.4,2.5
105,0,92.3,2.8
96,0,92.3,2.1
95,0,92.3,2.1
97,0,92.3,2.2
101,0,92.3,2.5
103,0,92.3,2.6
101,0,92.3,2.4
103,0,92.3,2.6
101,0,92.3,2.5
98,0,92.3,2.3
101,12,92.3,2.5
102,37,92.3,2.7
104,89,92.3,3.1
101,30,92.3,2.8
103,56,92.3,2.8
99,0,92.3,2.2
100,0,91.4,2.4
107,54,91.4,3
101,0,90.5,2.3
94,0,90.5,1.9
93,0,90.5,2
94,0,89.6,2.1
94,0,89.6,2
104,51,89.6,2.8
100,0,89.6,2.5
95,0,89.6,2
96,0,88.7,2.1
97,0,88.7,2.2
96,0,88.7,2.1
95,0,88.7,2
95,0,88.7,2.1
94,0,89.6,2
94,0,89.6,2
93,0,89.6,1.9
96,0,89.6,2.2
98,0,89.6,2.3
100,0,89.6,2.4
97,0,89.6,2.1
95,0,89.6,2.1
97,0,89.6,2.1
96,0,89.6,2.1
95,0,89.6,2
97,0,89.6,2.2
95,0,89.6,2
90,0,89.6,1.7
95,0,90.5,2.1
87,0,89.6,1.6
95,0,90.5,2
96,0,90.5,2
92,0,90.5,1.9
94,0,90.5,2
101,38,90.5,2.6
98,0,90.5,2.3
93,0,89.6,2
98,0,89.6,2.3
95,0,89.6,2.1
95,0,89.6,2.1
98,0,89.6,2.3
92,0,89.6,1.9
96,0,89.6,2.1
95,0,89.6,2.2
100,0,89.6,2.5
96,0,89.6,2.2
96,0,89.6,2.3
97,0,89.6,2.3
97,0,88.7,2.3
94,0,88.7,2
95,43,89.6,2.3
103,0,88.7,2.7
102,0,88.7,2.6
99,0,88.7,2.3
91,13,88.7,2
96,0,88.7,2.2
99,0,88.7,2.3
95,0,88.7,2
97,0,89.6,2.3
93,0,89.6,1.8
95,0,89.6,2.1
95,0,89.6,2.1
86,0,89.6,1.5
92,0,89.6,1.8
92,0,90.5,1.8
89,0,90.5,1.8
85,0,90.5,1.5
91,0,90.5,1.8
96,0,90.5,2
95,0,90.5,2.1
91,0,90.5,1.7
96,0,90.5,2.1
96,0,90.5,2.1
94,0,90.5,2
94,0,90.5,1.9
94,0,90.5,2
89,0,90.5,1.8
92,0,90.5,1.8
97,0,91.4,2.3
95,0,91.4,2.1
95,0,90.5,2.1
94,0,90.5,2.1
98,0,90.5,2.4
96,0,90.5,2.1
96,0,90.5,2.1
96,0,90.5,2.2
97,0,90.5,2.2
98,0,90.5,2.3
102,0,90.5,2.6
92,0,90.5,1.9
91,0,90.5,1.8
93,0,90.5,2
92,0,90.5,1.8
91,0,90.5,1.8
94,0,90.5,2
89,0,90.5,1.7
91,0,90.5,1.8
90,0,90.5,1.7
95,0,90.5,2.1
92,0,90.5,1.9
98,0,90.5,2.1
98,0,90.5,2.3
98,0,90.5,2.2
100,0,90.5,2.5
97,0,90.5,2.1
99,0,90.5,2.4
95,0,90.5,2.1
96,0,90.5,2.1
94,0,90.5,1.9
94,0,90.5,1.9
94,0,90.5,2
93,0,90.5,1.8
96,0,90.5,2.1
95,0,90.5,2.1
94,10,90.5,2
96,0,90.5,2.1
96,0,91.4,2.1
97,0,90.5,2.2
91,0,90.5,1.8
94,0,90.5,1.9
96,0,90.5,2.1
96,0,90.5,2.1
99,0,90.5,2.4
95,0,90.5,2.1
95,0,90.5,2.2
97,0,90.5,2.3
94,0,90.5,1.9
105,0,90.5,2.8
97,0,91.4,2.2
98,0,90.5,2.3
97,0,90.5,2.2
105,0,90.5,2.7
101,0,90.5,2.5
90,0,90.5,1.8
97,0,90.5,2.2
100,0,90.5,2.5
100,11,90.5,2.4
104,25,90.5,2.8
98,0,90.5,2.3
100,0,89.6,2.4
105,52,89.6,2.9
100,0,89.6,2.5
94,0,89.6,2
90,0,88.7,1.8
92,0,88.7,1.8
94,0,88.7,2.1
95,0,88.7,2
96,0,89.6,2.1
94,0,89.6,2
94,0,89.6,2
91,0,89.6,1.7
93,0,89.6,1.9
95,0,89.6,2.1
93,0,89.6,1.9
98,0,89.6,2.5
100,50,90.5,2.6
95,32,89.6,2.1
92,101,89.6,2.2
100,41,89.6,2.6
101,58,89.6,2.8
114,73,89.6,4.4
112,70,88.7,4
100,19,88.7,2.5
98,7,88.7,2.2
108,0,88.7,2.9
101,6,88.7,2.6
99,8,87.8,2.4
95,8,87.8,2
95,0,87.8,2.2
99,0,87.8,2.3
103,0,87.8,2.6
104,0,87.8,2.8
105,0,86.9,3
98,0,86.9,2.3
95,0,86.9,2.1
95,0,87.8,1.9
94,0,87.8,2
96,0,87.8,2.1
97,0,87.8,2.2
100,0,87.8,2.4
104,0,87.8,2.7
103,0,87.8,2.6
98,0,87.8,2.3
101,0,88.7,2.6
99,0,88.7,2.4
96,0,88.7,2.2
100,0,88.7,2.4
97,0,88.7,2.2
95,0,88.7,2
101,7,88.7,2.6
99,47,87.8,2.6
105,29,88.7,3
88,86,88.7,2.1
90,109,88.7,2.2
95,0,88.7,2.2
91,0,88.7,1.8
96,0,88.7,2.2
97,0,88.7,2.1
97,0,88.7,2.3
94,0,88.7,2
91,0,88.7,1.8
89,0,88.7,1.8
91,0,89.6,1.8
96,0,89.6,2.2
94,0,89.6,2
99,0,89.6,2.3
103,0,89.6,2.8
93,0,89.6,1.9
93,0,88.7,1.9
94,0,89.6,2
94,0,89.6,1.9
93,0,89.6,2
96,0,89.6,2.1
96,0,89.6,2.7
116,102,89.6,5.2
114,105,89.6,4.3
106,59,89.6,4.1
104,0,89.6,2.9
99,0,89.6,2.5
98,0,89.6,2.3
99,0,89.6,2.4
98,0,89.6,2.3
98,0,89.6,2.4
97,0,90.5,2.2
101,0,90.5,2.6
97,0,90.5,2.2
98,0,92.3,2.5
98,0,93.2,2.5
103,8,94.1,3
109,102,94.1,3.4
93,65,94.1,2.2
96,57,93.2,2.1
105,26,92.3,2.9
92,0,91.4,1.9
87,0,91.4,1.8
104,45,91.4,2.8
97,0,90.5,2.3
99,0,90.5,2.4
97,50,90.5,2.4
96,0,90.5,2.2
99,0,90.5,2.4
97,21,90.5,2.4
100,10,89.6,2.6
102,22,89.6,2.7
106,17,89.6,3.4
96,0,89.6,2.2
97,0,89.6,2.3
98,0,89.6,2.5
102,0,89.6,2.5
94,0,89.6,2.1
95,0,90.5,2.1
101,0,90.5,2.6
103,50,90.5,2.8
105,43,89.6,3.1
103,33,89.6,2.8
93,19,89.6,2.1
101,0,89.6,2.5
96,0,89.6,2.2
98,0,89.6,2.3
92,26,89.6,2.1
98,14,90.5,2.4
98,0,90.5,2.5
95,0,90.5,2.2
97,0,90.5,2.1
101,0,90.5,2.6
96,39,90.5,2.4
103,62,90.5,2.9
100,43,90.5,2.5
95,43,90.5,2.5
109,0,89.6,3.2
98,0,89.6,2.6
97,0,90.5,2.5
95,0,90.5,2.2
95,0,90.5,2.1
95,0,90.5,2.1
97,0,90.5,2.3
95,0,91.4,2.4
96,0,91.4,2.3
96,0,91.4,2.3
103,8,91.4,3.2
102,23,91.4,3
107,89,91.4,3.3
104,49,91.4,2.9
100,39,90.5,2.6
104,95,90.5,3
103,74,89.6,3
96,92,89.6,2.4
120,71,88.7,6.6
139,90,88.7,11.5
120,46,88.7,7
98,75,87.8,2.6
103,58,87.8,2.9
95,0,87.8,2.3
98,26,87.8,2.6
99,54,87.8,2.4
101,0,87.8,2.8
102,0,87.8,2.7
94,0,87.8,2.2
99,0,87.8,2.4
97,0,86.9,2.2
96,0,87.8,2.2
97,0,87.8,2.4
108,0,87.8,3.2
103,24,87.8,2.9
104,0,88.7,3
110,0,88.7,3.2
102,0,88.7,2.7
101,0,88.7,2.5
104,0,88.7,3
107,0,88.7,3
99,0,88.7,2.5
97,0,88.7,2.4
94,0,88.7,1.9
96,0,88.7,2.1
93,0,88.7,1.9
94,0,89.6,2
92,0,88.7,1.8
94,0,88.7,2
99,0,88.7,2.4
100,57,88.7,2.7
95,101,89.6,2.4
103,32,88.7,2.8
103,43,88.7,2.8
102,58,88.7,2.9
96,68,88.7,2.4
98,39,87.8,2.4
99,49,87.8,2.6
95,79,87.8,2.3
102,49,87.8,2.7
101,58,87.8,2.7
97,34,87.8,2.4
92,33,87.8,2
104,45,87.8,2.8
97,0,87.8,2.4
89,40,87.8,1.9
90,53,86.9,2
100,89,87.8,2.7
106,66,87.8,3
104,56,86.9,2.7
107,100,86.9,3.9
99,34,86.9,2.5
107,75,86.9,3.9
119,77,86.9,6.4
100,39,86.9,2.6
99,0,86.9,2.5
96,0,86.9,2.2
97,0,86.9,2.3
92,0,86.9,1.9
95,12,86.9,2.2
100,34,86.9,2.7
101,0,86.9,2.7
102,73,86.9,2.9
105,24,86.9,2.9
95,32,86.9,2.2
103,102,86.9,3
100,24,87.8,2.7
94,0,87.8,2.3
98,0,87.8,2.6
92,0,87.8,2.1
92,0,87.8,2
93,0,88.7,2
94,0,88.7,2.3
98,0,88.7,2.4
101,23,88.7,2.6
100,0,88.7,2.6
89,0,88.7,2
96,11,88.7,2.6
94,40,88.7,2.2
94,12,88.7,2.6
96,29,87.8,2.3
93,0,87.8,2.5
100,34,87.8,2.8
104,6,87.8,3.1
97,0,87.8,2.3
95,0,87.8,2.4
96,9,87.8,2.6
102,0,87.8,2.9
95,0,87.8,2.2
94,0,87.8,2.2
96,0,87.8,2.5
97,0,88.7,2.6
96,0,88.7,2.5
101,0,88.7,2.9
95,0,88.7,2.1
94,0,88.7,2.4
107,78,88.7,3.4
110,86,88.7,3.5
106,49,88.7,3.7
94,0,88.7,2.1
100,0,88.7,2.6
100,0,88.7,2.6
99,0,88.7,2.7
102,0,88.7,2.6
102,0,88.7,2.8
108,7,88.7,4.1
98,91,88.7,2.7
103,30,88.7,2.7
101,33,88.7,2.9
104,0,87.8,3.1
96,0,87.8,2.6
94,0,88.7,2.2
94,0,88.7,2.1
93,0,88.7,2.1
97,0,88.7,2.4
104,0,88.7,3.1
101,30,88.7,2.9
99,19,88.7,2.5
98,0,88.7,2.4
97,0,88.7,2.5
103,0,88.7,3
99,11,88.7,2.5
98,26,88.7,2.6
94,0,88.7,2.1
88,0,88.7,2
95,0,88.7,2.4
102,0,88.7,2.9
99,0,88.7,2.6
94,25,88.7,2.5
86,0,87.8,1.7
85,0,88.7,1.6
79,0,87.8,1.5
84,0,87.8,1.5
83,0,88.7,1.4
85,0,88.7,1.6
86,0,88.7,1.5
86,0,89.6,1.6
85,0,89.6,1.5
87,0,89.6,1.6
86,0,89.6,1.6
86,0,89.6,1.5
81,0,89.6,1.5
87,10,89.6,1.8
84,7,89.6,1.5
87,0,89.6,1.8
88,9,90.5,1.9
91,9,90.5,2.1
99,23,89.6,2.4
93,0,89.6,2.1
96,14,89.6,2.4
91,31,89.6,2
98,0,89.6,2.6
94,23,88.7,2.3
97,7,88.7,2.4
97,0,88.7,2.3
90,12,88.7,1.8
93,24,88.7,2.2
104,0,88.7,2.9
112,0,88.7,4.2
105,13,88.7,2.8
105,13,88.7,3
93,17,87.8,2.2
99,14,87.8,2.4
92,12,87.8,2.1
98,11,86.9,2.5
110,26,86.9,3.8
92,0,86.9,2.1
90,0,86.9,1.8
107,0,86.9,2.9
107,27,86.9,2.8
91,0,86.9,1.9
101,0,86.9,2.2
98,22,87.8,2.6
93,0,86.9,2.1
92,0,86.9,2
92,10,86.9,2
82,0,87.8,1.5
82,0,87.8,1.5
86,22,87.8,1.7
103,23,88.7,3
100,27,88.7,2.8
91,25,88.7,2
97,24,88.7,2.5
103,23,88.7,2.8
91,22,88.7,2.2
101,0,88.7,2.5
108,26,88.7,3.7
102,89,88.7,3
105,94,87.8,3.5
97,79,87.8,2.8
101,105,86.9,2.6
101,12,86.9,2.8
97,40,86,2.5
96,37,86,2.4
89,36,86,1.9
86,0,86,1.6
92,0,86,2
88,0,86,1.7
85,0,86.9,1.8
94,23,86.9,2.2
88,0,87.8,1.6
88,0,87.8,1.8
92,14,87.8,2
88,9,87.8,2
87,16,87.8,2
97,0,87.8,2.4
98,0,94.1,3.1
97,11,93.2,2.8
93,14,91.4,2.5
103,11,90.5,3.4
87,0,89.6,1.8
86,0,88.7,1.7
89,16,88.7,2
96,0,87.8,2.3
93,51,87.8,2.1
89,0,87.8,1.7
86,0,87.8,1.6
89,36,86.9,2
91,17,86.9,1.9
83,0,86.9,1.6
83,0,86.9,1.7
76,0,86.9,1.4
76,0,86.9,1.5
77,0,86.9,1.5
79,0,87.8,1.4
82,0,87.8,1.6
85,0,87.8,1.5
82,0,87.8,1.5
87,0,88.7,1.6
86,0,87.8,1.6
84,0,87.8,1.5
82,0,87.8,1.5
85,0,87.8,1.5
82,0,87.8,1.4
85,0,87.8,1.6
83,0,87.8,1.5
83,0,87.8,1.5
84,0,86.9,1.5
78,0,86.9,1.5
77,0,86.9,1.4
75,0,86.9,1.5
75,0,87.8,1.5
77,0,87.8,1.4
75,0,87.8,1.5
79,0,87.8,1.5
78,0,87.8,1.4
78,0,87.8,1.5
77,0,87.8,1.5
79,0,88.7,1.5
77,0,87.8,1.4
78,0,88.7,1.5
78,0,88.7,1.5
79,0,88.7,1.4
75,0,87.8,1.5
81,0,86.9,1.5
83,0,87.8,1.5
82,0,87.8,1.5
82,0,86.9,1.5
78,0,87.8,1.5
82,0,86.9,1.4
85,0,87.8,1.6
91,31,87.8,2.2
101,22,87.8,2.8
99,17,88.7,2.6
87,0,87.8,1.6
86,0,87.8,1.5
89,0,87.8,1.9
99,18,87.8,2.8
102,0,87.8,2.8
100,0,88.7,2.7
97,13,87.8,2.6
94,18,87.8,2.2
90,0,87.8,1.8
87,0,87.8,1.5
87,0,87.8,1.6
87,0,87.8,1.6
86,0,87.8,1.5
89,0,87.8,1.9
80,0,88.7,1.5
84,0,88.7,1.5
80,0,88.7,1.5
79,0,88.7,1.4
80,0,88.7,1.5
85,0,87.8,1.5
84,0,87.8,1.6
80,0,88.7,1.4
81,0,88.7,1.5
83,0,88.7,1.5
81,0,88.7,1.5
85,0,88.7,1.5
82,0,88.7,1.4
84,0,88.7,1.5
85,0,88.7,1.5
82,0,88.7,1.5
85,0,88.7,1.6
85,0,88.7,1.5
85,0,88.7,1.5
86,0,88.7,1.5
85,0,88.7,1.5
87,0,88.7,1.6
83,0,88.7,1.5
84,0,89.6,1.5
85,0,89.6,1.6
85,0,89.6,1.5
83,0,89.6,1.5
84,0,89.6,1.6
83,0,89.6,1.4
88,0,89.6,1.8
86,0,89.6,1.5
87,0,88.7,1.7
87,0,89.6,1.6
85,0,88.7,1.5
84,0,89.6,1.5
85,0,89.6,1.7
85,0,89.6,1.5
88,0,89.6,1.6
85,0,89.6,1.5
88,0,90.5,1.6
87,0,90.5,1.6
96,14,89.6,2.5
103,28,89.6,2.8
90,0,89.6,1.8
91,0,88.7,2
96,17,88.7,2.3
92,0,88.7,2.2
86,0,88.7,1.5
86,0,87.8,1.5
83,0,87.8,1.5
85,0,87.8,1.5
90,0,87.8,2
97,54,87.8,2.5
91,0,87.8,1.7
84,0,87.8,1.6
92,0,87.8,1.8
93,0,87.8,1.9
93,0,87.8,1.8
93,0,87.8,1.9
84,0,88.7,1.5
93,0,88.7,1.9
92,0,88.7,1.8
92,0,88.7,1.8
106,0,88.7,2.5
84,0,88.7,1.6
86,0,88.7,1.6
99,0,88.7,2.3
97,0,88.7,2.1
90,0,89.6,1.7
85,0,89.6,1.6
88,0,88.7,1.7
92,0,89.6,1.7
96,0,89.6,2.1
91,0,89.6,1.8
95,0,89.6,2
90,0,89.6,1.7
89,0,89.6,1.6
85,0,88.7,1.5
93,0,88.7,1.9
93,0,88.7,1.8
94,0,88.7,2
93,0,89.6,1.9
91,0,89.6,1.8
92,0,89.6,1.8
85,0,89.6,1.6
81,0,89.6,1.5
91,34,88.7,2
97,32,88.7,2.3
92,0,88.7,1.9
95,0,88.7,2
88,0,88.7,1.6
88,0,88.7,1.7
99,0,88.7,2.1
86,0,88.7,1.6
97,0,88.7,2.1
92,0,88.7,1.8
87,0,89.6,1.6
87,0,89.6,1.7
89,0,89.6,1.8
90,0,89.6,1.6
88,0,89.6,1.6
90,0,89.6,1.8
93,0,89.6,1.8
95,0,89.6,2
100,0,89.6,2.4
94,0,89.6,2
96,0,89.6,2.1
88,0,89.6,1.6
93,0,89.6,2
96,0,89.6,1.7
91,0,89.6,1.8
91,0,89.6,1.8
98,0,89.6,2.2
95,0,89.6,2
94,0,89.6,1.9
96,0,89.6,2.1
97,0,89.6,2.1
95,0,89.6,2
96,0,89.6,2
95,0,89.6,2
98,0,89.6,2.2
93,0,89.6,1.8
90,0,89.6,1.7
92,0,89.6,2
92,0,89.6,1.7
90,0,89.6,1.7
88,0,89.6,1.6
86,0,89.6,1.5
86,0,89.6,1.5
86,0,89.6,1.5
87,0,89.6,1.6
95,0,89.6,2
95,0,89.6,2
92,0,89.6,1.8
95,0,89.6,2
98,0,89.6,2.1
93,0,89.6,1.9
97,0,89.6,2.1
92,0,89.6,1.7
88,0,89.6,1.8
94,0,89.6,1.8
90,0,89.6,1.8
97,0,89.6,2.2
93,0,89.6,1.9
91,0,89.6,1.8
95,0,89.6,1.9
94,0,89.6,2
91,0,89.6,1.8
84,0,89.6,1.5
89,0,89.6,1.7
90,0,89.6,1.7
92,0,89.6,1.9
95,0,89.6,1.9
82,0,89.6,1.5
89,0,89.6,1.8
91,0,89.6,1.7
93,0,89.6,1.8
92,0,89.6,1.8
97,0,89.6,2.2
86,0,89.6,1.5
92,0,89.6,1.8
87,0,89.6,1.5
86,0,89.6,1.5
86,0,89.6,1.5
93,0,89.6,2
93,0,89.6,1.8
91,0,89.6,1.8
91,0,88.7,1.8
84,0,89.6,1.6
88,0,88.7,1.7
85,0,89.6,1.9
101,30,89.6,2.7
107,11,88.7,3
112,85,88.7,3.4
126,116,88.7,6.8
152,122,87.8,13.2
181,121,86.9,17.6
152,56,86,13.2
121,0,86,4.5
104,0,86.9,2.5
91,0,86,1.8
89,19,86,1.7
101,0,86.9,2.2
107,0,86.9,2.6
100,0,86.9,2.2
110,93,86.9,2.8
126,121,87.8,6.6
159,117,86.9,14.1
181,100,86,17.5
176,105,86,16.7
139,107,85.1,9.9
119,43,85.1,4.3
114,102,84.2,3.5
117,110,85.1,3.5
114,110,85.1,3.4
109,99,85.1,3.1
113,96,85.1,3.2
107,0,85.1,2.9
102,21,85.1,2.5
108,14,84.2,2.9
98,27,84.2,2.4
99,0,84.2,2.3
93,0,84.2,1.8
92,0,85.1,1.8
91,0,85.1,1.7
92,0,86,1.8
94,19,86,2.1
96,0,86,2.2
92,0,86.9,1.8
101,35,86.9,2.6
115,41,86.9,4
108,50,86.9,3.1
103,27,86.9,2.4
99,0,86.9,2.6
96,0,86.9,2.3
95,0,86.9,2.2
106,0,86.9,2.7
95,11,87.8,1.9
92,0,87.8,2.1
99,0,87.8,2.5
104,40,87.8,2.5
103,22,87.8,2.7
101,0,86.9,2.6
89,23,87.8,2
90,12,86.9,2.2
93,0,86.9,2.1
105,0,86.9,2.8
107,11,86.9,3
94,9,86.9,2.2
97,0,86.9,2.1
94,11,86.9,2.2
92,0,86,2
91,0,86.9,2.1
88,0,86.9,1.8
89,0,86.9,1.9
87,0,86.9,1.7
81,0,87.8,1.6
99,0,87.8,2.1
92,0,87.8,1.9
96,0,87.8,2.2
94,0,87.8,2.1
93,0,88.7,2.1
92,19,88.7,1.9
88,0,87.8,1.7
93,9,87.8,2
95,22,87.8,1.9
87,0,87.8,1.8
92,0,87.8,2
87,0,87.8,1.8
86,0,87.8,1.7
90,0,87.8,1.9
89,0,87.8,1.8
91,0,87.8,1.8
95,15,87.8,2.2
111,37,87.8,3.1
115,36,87.8,3.1
116,13,86.9,2.8
103,0,87.8,2.4
101,31,86.9,2.5
102,22,86.9,2.3
105,0,86.9,2.6
102,49,86.9,2.5
100,0,86.9,2.2
99,31,86,2.4
110,22,86.9,2.7
96,32,86.9,2.2
90,0,86.9,2
96,0,86.9,2.5
93,0,86.9,2
90,0,86.9,1.8
87,0,86.9,1.6
95,0,86.9,1.9
91,0,86.9,1.8
83,0,86.9,1.7
95,0,86.9,2.2
104,65,86.9,2.5
119,48,86.9,4.2
106,64,85.1,2.9
103,99,86,2.6
101,8,85.1,2
93,0,85.1,1.9
97,14,84.2,2.3
83,0,85.1,1.5
107,0,85.1,2.9
114,25,85.1,2.8
115,0,86,3.1
108,11,85.1,2.5
110,40,85.1,3.3
138,42,85.1,11.2
148,75,85.1,12.6
136,0,85.1,10
121,0,84.2,4.8
110,12,84.2,2.9
106,39,84.2,2.7
100,0,84.2,2.2
92,0,84.2,1.8
94,0,84.2,2.1
127,87,85.1,7.5
134,51,85.1,10.5
117,75,85.1,3.9
106,53,85.1,3.1
104,0,85.1,2.8
90,0,85.1,2.1
87,0,86,1.7
98,0,86,2.1
106,0,86,2.6
111,0,86,2.6
94,0,86,1.8
97,0,86,2.1
94,0,86,1.3
99,0,86.9,2.3
96,0,86.9,2
89,0,87.8,1.6
91,0,87.8,1.8
100,0,87.8,2.5
92,0,87.8,2.1
104,0,87.8,2.7
110,36,87.8,3.2
99,0,87.8,2.3
112,16,86.9,3
96,25,87.8,2.5
92,32,87.8,2.2
106,0,86.9,2.8
101,0,86.9,2.3
93,29,86.9,2.1
106,0,86.9,2.5
106,22,86.9,2.9
109,24,86.9,2.8
99,0,86.9,2.2
97,24,86.9,2.7
101,7,86.9,2.2
95,0,86.9,2
93,0,86.9,1.8
97,0,86,2.1
97,0,86.9,2.1
92,0,86.9,1.8
93,0,86.9,1.9
93,0,86.9,1.9
95,0,86.9,1.9
90,0,87.8,1.7
93,0,87.8,1.8
94,0,87.8,1.8
93,0,87.8,1.9
92,0,87.8,1.9
95,0,87.8,2
101,0,87.8,2.3
102,0,87.8,2.3
103,0,87.8,2.3
103,0,88.7,2.4
97,27,88.7,2.3
107,0,89.6,2.7
102,0,88.7,2.3
102,0,88.7,2.4
104,0,88.7,2.4
104,0,88.7,2.5
106,0,89.6,2.5
96,0,89.6,2
103,0,89.6,2.4
100,0,89.6,2.3
103,0,88.7,2.3
105,0,88.7,2.5
103,0,88.7,2.3
102,0,88.7,2.3
98,0,88.7,2.1
97,0,88.7,2.1
101,0,88.7,2.4
98,0,88.7,2.1
96,0,88.7,1.9
99,0,88.7,2.3
99,0,88.7,2.3
97,0,88.7,2.1
94,0,88.7,1.8
94,0,88.7,1.9
93,0,88.7,1.8
94,0,89.6,1.8
95,0,89.6,1.9
97,0,89.6,2.1
96,0,90.5,2.1
94,0,90.5,1.9
95,0,90.5,1.9
95,0,90.5,1.9
97,0,90.5,2
92,0,90.5,1.8
97,0,90.5,2
92,0,90.5,1.7
100,0,90.5,2.2
94,0,90.5,1.9
93,0,90.5,1.8
101,0,90.5,2.4
100,0,90.5,2.2
98,0,90.5,2
95,0,90.5,2
99,0,89.6,2.1
96,0,89.6,2
97,0,89.6,2
96,0,89.6,2
95,0,89.6,1.9
97,0,90.5,2
102,0,90.5,2.3
97,0,90.5,2.1
98,0,90.5,2.1
99,0,90.5,2.1
99,0,90.5,2.1
98,0,90.5,2.1
96,0,90.5,2
95,0,90.5,1.9
102,0,90.5,2.5
106,0,90.5,2.9
99,0,90.5,2.1
97,0,89.6,2
92,0,89.6,1.9
93,0,89.6,1.8
97,0,89.6,2.1
97,0,88.7,2
92,0,88.7,1.8
92,0,88.7,1.7
90,0,88.7,1.7
91,0,88.7,1.7
86,0,88.7,1.6
91,0,88.7,1.7
90,0,88.7,1.7
87,0,88.7,1.6
86,0,89.6,1.5
89,0,89.6,1.6
89,0,89.6,1.7
87,0,89.6,1.5
90,0,89.6,1.8
93,0,89.6,1.8
90,0,89.6,1.7
95,0,89.6,1.8
91,0,89.6,1.8
92,0,88.7,1.7
92,0,89.6,1.8
95,0,88.7,2
88,0,89.6,1.6
100,0,89.6,2.3
92,0,89.6,1.8
95,0,89.6,2.1
97,0,89.6,2.1
81,0,89.6,1.7
79,0,90.5,1.5
103,0,89.6,2.4
104,12,89.6,2.5
108,16,89.6,2.9
104,0,89.6,2.5
102,0,89.6,2.5
99,0,89.6,2.3
97,0,89.6,2.1
100,0,89.6,2.2
100,0,89.6,2.3
98,8,89.6,2.5
114,0,89.6,3.2
106,14,88.7,2.8
106,28,88.7,2.8
103,0,88.7,2.4
95,14,88.7,2.3
98,18,88.7,2.3
105,0,88.7,2.5
111,0,88.7,3.1
107,0,87.8,3
105,0,87.8,2.6
100,0,87.8,2.4
103,27,87.8,2.8
103,0,86.9,2.4
95,0,86.9,2
101,21,86.9,2.7
103,8,87.8,2.3
114,0,87.8,3.2
108,0,87.8,2.8
101,0,87.8,2.5
100,0,87.8,2.5
95,43,86.9,1.9
102,3,86,2.5
99,20,86,2.7
97,11,86,2.3
96,0,86,2.3
111,22,86,3.3
110,35,86,2.7
97,0,86,2.1
91,0,86,1.7
90,0,86,1.7
91,0,86,1.7
92,0,86.9,1.7
90,0,86.9,1.7
85,0,86.9,1.5
86,0,86.9,1.5
87,0,87.8,1.5
91,0,87.8,1.7
89,0,87.8,1.6
91,0,86.9,1.7
92,0,86.9,1.8
91,0,86.9,1.6
92,0,86.9,1.9
100,9,86.9,2.2
86,0,87.8,1.5
91,25,87.8,2.1
89,0,87.8,1.6
87,0,87.8,1.6
83,0,87.8,1.4
85,0,87.8,1.5
88,0,87.8,1.6
84,0,87.8,1.5
87,0,87.8,1.5
86,0,87.8,1.6
86,0,87.8,1.5
86,0,88.7,1.5
85,0,88.7,1.5
88,0,87.8,1.6
86,0,87.8,1.5
87,0,87.8,1.5
90,0,87.8,1.7
89,0,88.7,1.6
88,0,88.7,1.7
89,0,88.7,1.6
86,0,87.8,1.6
91,0,87.8,1.8
87,0,87.8,1.6
85,0,88.7,1.5
88,0,89.6,1.6
88,0,89.6,1.5
89,0,89.6,1.6
86,0,89.6,1.6
82,0,89.6,1.5
87,0,89.6,1.5
86,0,89.6,1.5
85,0,89.6,1.5
88,0,89.6,1.7
100,20,88.7,2.5
98,0,88.7,2.1
93,0,88.7,1.8
92,0,87.8,1.8
96,0,87.8,1.9
94,0,87.8,1.9
96,0,87.8,1.9
93,0,87.8,2
93,0,87.8,1.8
94,0,87.8,1.8
93,0,87.8,1.8
97,0,87.8,2
94,0,87.8,2
96,6,87.8,2.3
108,0,88.7,2.7
100,0,88.7,2.4
96,0,88.7,2
100,8,88.7,2.4
108,12,88.7,2.9
94,0,88.7,1.9
95,0,88.7,2
99,9,87.8,2.4
109,1,88.7,2.9
97,15,88.7,2.2
92,0,87.8,1.8
92,0,87.8,1.8
86,0,88.7,1.6
89,0,88.7,1.6
89,0,88.7,1.6
87,0,88.7,1.5
83,0,88.7,1.7
69,0,88.7,1.4
69,0,88.7,1.5
97,0,88.7,2
104,0,88.7,2.3
113,0,88.7,2.9
109,0,88.7,2.9
136,0,88.7,10.7
148,0,88.7,12.5
153,0,88.7,13.3
135,0,88.7,10.1
164,0,88.7,14.7
185,0,89.6,17.3
154,0,89.6,13.6
122,0,89.6,5.5
100,0,90.5,2.3
94,0,91.4,1.9
87,0,91.4,1.5
89,0,91.4,1.7
87,0,91.4,1.6
89,0,91.4,1.5
90,0,91.4,1.7
91,0,91.4,1.6
91,0,91.4,1.8
89,0,91.4,1.6
90,0,91.4,1.7
91,0,90.5,1.9
92,0,90.5,1.7
90,0,90.5,1.8
92,0,90.5,1.8
92,0,90.5,1.7
89,0,90.5,1.8
84,0,90.5,1.5
88,0,90.5,1.6
88,0,90.5,1.5
87,0,90.5,1.5
89,0,90.5,1.6
88,0,90.5,1.6
94,0,90.5,2
96,0,90.5,2.1
92,0,90.5,1.9
92,0,90.5,1.8
103,10,90.5,2.7
97,0,90.5,2.4
87,0,89.6,1.6
90,0,89.6,1.7
88,0,90.5,1.7
84,0,90.5,1.5
84,0,89.6,1.5
85,0,89.6,1.5
85,0,89.6,1.7
80,0,89.6,1.4
79,0,88.7,1.5
78,0,88.7,1.5
79,0,88.7,1.4
79,0,88.7,1.5
81,0,88.7,1.5
79,0,88.7,1.5
78,0,89.6,1.5
80,0,90.5,1.4
80,0,90.5,1.5
80,0,90.5,1.5
81,0,91.4,1.4
79,0,91.4,1.5
81,0,91.4,1.5
81,0,91.4,1.4
80,0,92.3,1.5
80,0,92.3,1.5
81,0,92.3,1.4
81,0,92.3,1.5
82,0,92.3,1.5
79,0,92.3,1.4
78,0,92.3,1.5
79,0,92.3,1.5
77,0,92.3,1.5
76,0,92.3,1.4
78,0,92.3,1.5
76,0,92.3,1.5
77,0,92.3,1.4
99,0,92.3,2.2
70,0,92.3,1.5
72,0,91.4,1.4
72,0,91.4,1.5
73,0,90.5,1.5
73,0,90.5,1.4
75,0,90.5,1.5
75,0,90.5,1.5
75,0,89.6,1.4
74,0,89.6,1.5
73,0,89.6,1.5
73,0,89.6,1.4
74,0,89.6,1.5
74,0,89.6,1.5
74,0,89.6,1.4
77,0,89.6,1.5
76,0,88.7,1.5
75,0,88.7,1.4
73,0,88.7,1.5
73,0,88.7,1.5
72,0,88.7,1.4
73,0,88.7,1.5
74,0,88.7,1.5
73,0,88.7,1.4
75,0,88.7,1.5
72,0,88.7,1.5
70,0,88.7,1.4
96,0,88.7,1.5
82,0,88.7,1.5
71,0,88.7,1.4
67,0,88.7,1.5
69,0,88.7,1.5
71,0,88.7,1.5
66,0,87.8,1.4
65,0,87.8,1.5
63,0,87.8,1.5
72,0,87.8,1.4
69,0,87.8,1.5
54,0,87.8,1.5
61,0,87.8,1.4
64,0,87.8,1.5
62,0,87.8,1.5
62,0,86.9,1.4
58,0,86.9,1.5
58,0,86.9,1.5
60,0,86.9,1.4
86,0,86.9,1.5
79,0,86.9,1.5
69,0,86.9,1.4
72,0,86,1.5
79,0,86,1.5
69,0,86,1.4
74,0,86,1.5
76,0,86.9,1.5
78,0,86.9,1.4
78,0,86.9,1.5
78,0,87.8,1.5
80,0,87.8,1.4
81,0,87.8,1.5
81,0,87.8,1.5
81,0,87.8,1.4
81,0,88.7,1.5
81,0,88.7,1.5
81,0,88.7,1.4
81,0,88.7,1.5
82,0,88.7,1.5
82,0,88.7,1.5
80,0,88.7,1.4
84,0,88.7,1.5
82,0,88.7,1.5
79,0,88.7,1.4
73,0,88.7,1.5
80,0,89.6,1.5
79,0,89.6,1.4
79,0,89.6,1.5
80,0,89.6,1.5
80,0,89.6,1.4
80,0,90.5,1.5
81,0,90.5,1.5
80,0,90.5,1.4
80,0,90.5,1.5
80,0,90.5,1.5
80,0,90.5,1.4
83,0,90.5,1.5
80,0,90.5,1.5
81,0,89.6,1.4
85,0,89.6,1.5
71,0,89.6,1.5
70,0,88.7,1.4
68,0,88.7,1.5
74,0,87.8,1.5
74,0,87.8,1.4
82,0,87.8,1.6
73,0,87.8,1.4
72,0,87.8,1.5
74,0,86.9,1.5
74,0,86.9,1.4
77,0,86.9,1.5
76,0,86.9,1.5
76,0,86.9,1.4
73,0,86.9,1.5
78,0,86,1.5
75,0,86,1.4
77,0,86,1.5
77,0,86,1.5
78,0,86,1.4
78,0,86,1.5
83,0,86,1.6
81,0,86,1.6
73,0,86,1.5
73,0,86,1.4
73,0,86,1.5
74,0,86,1.5
77,0,86,1.4
75,0,86,1.5
78,0,86,1.5
76,0,86,1.4
76,0,86,1.5
77,0,85.1,1.5
72,0,85.1,1.4
73,0,85.1,1.5
72,0,85.1,1.5
74,0,85.1,1.4
74,0,85.1,1.5
76,0,85.1,1.5
76,0,85.1,1.4
76,0,85.1,1.5
78,0,85.1,1.5
77,0,85.1,1.4
77,0,85.1,1.5
76,0,85.1,1.5
77,0,85.1,1.4
76,0,84.2,1.5
77,0,84.2,1.5
89,0,84.2,1.8
76,0,84.2,1.5
82,0,84.2,1.6
71,0,84.2,1.5
68,0,84.2,1.5
71,0,84.2,1.5
71,0,84.2,1.4
73,0,84.2,1.5
74,0,84.2,1.5
67,0,85.1,1.4
56,0,85.1,1.5
56,0,85.1,1.5
61,0,85.1,1.4
61,0,85.1,1.5
54,0,85.1,1.5
52,0,85.1,1.4
50,0,85.1,1.5
48,0,84.2,1.5
58,0,84.2,1.4
55,0,84.2,1.5
49,0,84.2,1.5
48,0,84.2,1.4
52,0,84.2,1.5
47,0,84.2,1.5
47,0,84.2,1.4
49,0,84.2,1.5
48,0,85.1,1.5
76,0,85.1,1.4
73,0,85.1,1.5
67,0,85.1,1.5
68,0,85.1,1.5
73,0,85.1,1.4
72,0,85.1,1.5
72,0,85.1,1.5
74,0,85.1,1.4
77,0,85.1,1.6
79,0,85.1,1.5
71,0,85.1,1.4
67,0,85.1,1.5
75,0,85.1,1.5
65,0,86,1.4
69,0,86,1.5
70,0,86,1.5
67,0,86,1.4
73,0,86.9,1.5
70,0,86.9,1.5
69,0,86,1.5
71,0,86.9,1.4
72,0,86.9,1.5
68,0,86.9,1.5
71,0,86.9,1.4
73,0,86.9,1.5
73,0,86.9,1.5
74,0,86.9,1.4
75,0,86.9,1.5
75,0,86.9,1.5
76,0,86.9,1.4
75,0,86.9,1.5
75,0,86.9,1.5
74,0,86.9,1.4
75,0,86.9,1.5
85,0,86.9,1.5
69,0,86.9,1.4
70,0,86.9,1.5
73,0,86.9,1.5
73,0,86.9,1.4
74,0,86.9,1.5
74,0,86.9,1.5
73,0,86.9,1.4
74,0,86.9,1.5
74,0,86.9,1.5
74,0,86.9,1.4
73,0,86.9,1.5
74,0,86.9,1.5
73,0,86.9,1.4
73,0,86.9,1.5
73,0,86.9,1.5
78,0,86.9,1.4
71,0,86.9,1.5
67,0,86.9,1.5
70,0,86.9,1.5
69,0,86.9,1.4
71,0,86.9,1.5
70,0,86.9,1.5
72,0,86,1.4
73,0,86,1.5
72,0,86,1.5
72,0,86,1.4
73,0,86,1.5
72,0,86,1.5
72,0,86,1.4
73,0,86,1.5
92,113,81.5,2.4
102,17,81.5,3
105,40,82.4,3.1
110,37,82.4,4.3
113,64,83.3,4.8
114,37,83.3,4.8
104,0,83.3,2.9
90,0,83.3,2.1
100,0,83.3,2.5
98,0,83.3,2.4
101,0,84.2,2.5
102,0,84.2,2.7
102,0,85.1,2.6
96,0,85.1,2.7
102,0,85.1,2.8
94,0,86,2.3
93,0,86,2.1
94,0,86,2.2
91,0,86,2.1
97,0,86.9,2.4
97,0,86.9,2.4
94,6,86.9,2.3
101,33,86.9,2.7
94,0,86.9,2.3
91,0,86.9,2.1
100,0,86.9,2.6
98,0,86.9,2.5
101,0,86.9,2.6
97,0,86.9,2.4
98,0,86.9,2.4
101,0,86.9,2.7
98,0,86.9,2.4
103,0,86.9,2.8
102,0,86.9,2.6
97,0,86.9,2.4
94,32,86.9,2.4
102,0,86.9,2.6
103,0,86.9,2.8
100,0,86.9,2.6
95,0,86.9,2.2
92,0,86.9,1.9
95,10,86.9,2.4
99,0,86.9,2.7
93,24,86.9,2.3
96,0,86.9,2.2
95,0,86.9,2.2
96,0,86.9,2.4
86,0,86.9,2.1
89,0,86.9,1.9
95,0,86.9,2.1
89,0,87.8,1.9
92,0,87.8,2
98,0,87.8,2.5
96,0,87.8,2.4
95,0,88.7,2.2
94,0,88.7,2.1
91,0,88.7,2
96,0,88.7,2.2
99,0,88.7,2.5
97,0,88.7,2.3
97,0,88.7,2.4
99,0,89.6,2.5
96,0,89.6,2.3
101,0,89.6,2.7
107,0,89.6,3.1
100,0,89.6,2.5
99,0,89.6,2.5
102,0,89.6,2.7
98,0,89.6,2.5
105,0,89.6,2.8
102,0,89.6,2.7
98,0,89.6,2.5
101,0,89.6,2.5
90,0,88.7,1.9
97,0,89.6,2.3
99,0,88.7,2.4
102,0,88.7,2.7
97,0,89.6,2.4
93,0,89.6,2.1
95,0,89.6,2.2
97,0,89.6,2.3
102,0,89.6,2.7
98,0,89.6,2.4
97,0,89.6,2.4
99,0,89.6,2.4
100,0,89.6,2.6
103,0,90.5,2.8
100,0,90.5,2.5
101,0,89.6,2.6
105,0,90.5,2.9
102,0,90.5,2.6
97,0,90.5,2.3
91,0,89.6,2
93,0,89.6,2
98,0,90.5,2.5
96,0,89.6,2.3
99,0,89.6,2.5
105,0,89.6,2.9
94,0,89.6,2.1
97,0,89.6,2.4
97,0,89.6,2.4
96,0,89.6,2.3
93,0,89.6,2.1
98,0,89.6,2.4
103,0,89.6,2.7
100,16,89.6,2.7
96,0,89.6,2.4
93,0,89.6,2.1
94,0,89.6,2.2
96,0,89.6,2.5
96,0,89.6,2.3
103,0,89.6,2.8
104,0,89.6,2.8
101,0,88.7,2.6
104,0,88.7,2.9
106,0,88.7,2.9
98,0,88.7,2.2
104,0,88.7,2.9
106,16,88.7,3.1
108,0,88.7,3.1
107,0,88.7,3
96,0,88.7,2.3
98,0,88.7,2.4
101,0,88.7,2.7
96,0,88.7,2.4
101,0,88.7,2.6
95,0,89.6,2.3
98,0,89.6,2.3
100,0,89.6,2.5
98,0,89.6,2.5
97,0,89.6,2.5
95,0,89.6,2.2
90,0,89.6,1.9
91,0,89.6,1.9
93,26,89.6,2.4
113,67,89.6,5.8
104,0,89.6,3
95,0,88.7,2.3
94,0,88.7,2.1
96,0,88.7,2.3
96,0,88.7,2.2
93,0,88.7,2.1
95,0,88.7,2.2
97,0,88.7,2.3
98,0,88.7,2.4
98,0,88.7,2.4
97,0,88.7,2.3
103,0,88.7,2.8
98,0,88.7,2.4
103,0,88.7,3
118,0,88.7,6.7
126,0,88.7,8.8
125,0,88.7,9.5
122,0,88.7,8.2
117,0,88.7,5.3
125,0,88.7,7.6
113,47,88.7,4.8
120,33,88.7,7.8
108,0,88.7,3.1
101,0,87.8,2.6
95,0,87.8,2.3
95,0,86.9,2.2
94,0,86.9,2.2
94,0,86.9,2.1
95,0,86.9,2.2
94,0,86.9,2.2
95,0,86.9,2.2
93,0,87.8,2.1
92,0,87.8,2.1
96,0,87.8,2.3
99,0,87.8,2.5
95,0,87.8,2.3
97,0,87.8,2.3
89,0,87.8,1.9
95,0,87.8,2.2
93,0,88.7,2.1
91,6,88.7,2.2
99,42,88.7,2.8
103,44,88.7,2.9
105,34,88.7,3.1
102,0,87.8,2.7
107,0,87.8,3.1
104,19,87.8,3
107,0,87.8,3.2
103,0,87.8,3
108,0,87.8,3
110,0,87.8,3.2
103,0,87.8,2.8
107,0,87.8,3.2
100,0,87.8,2.7
110,0,88.7,3.3
111,0,88.7,3.5
110,0,88.7,3.3
107,0,88.7,3.2
101,0,89.6,2.6
104,0,89.6,2.7
95,0,89.6,2.4
105,0,89.6,2.9
99,0,89.6,2.5
106,0,89.6,3
106,0,89.6,3.2
100,0,89.6,2.4
89,59,89.6,2.2
83,38,89.6,1.8
105,20,89.6,2.9
98,86,89.6,2.9
93,0,88.7,2.2
106,0,88.7,2.9
100,0,88.7,2.5
97,0,88.7,2.3
97,0,87.8,2.3
102,0,87.8,2.7
98,0,87.8,2.4
98,0,87.8,2.4
103,0,87.8,2.7
97,0,87.8,2.4
96,0,86.9,2.2
93,0,86.9,2.1
83,0,86.9,1.7
81,16,86.9,1.7
86,0,86.9,1.8
97,0,86.9,2.5
99,0,86.9,2.5
102,0,86,2.7
98,0,86,2.5
99,0,86,2.6
96,0,86,2.3
93,0,86,2.2
87,0,86,1.9
86,0,86,1.9
94,0,86,2.3
99,0,86.9,2.4
100,0,86.9,2.8
95,0,86.9,2.3
95,0,86.9,2.3
97,0,86.9,2.5
96,0,86.9,2.5
85,0,86.9,1.9
92,7,86.9,2.3
99,7,86.9,2.7
89,0,86.9,2.1
104,0,86.9,3
104,0,86.9,2.6
93,72,86,2.2
97,71,86,2.8
106,29,86.9,3.2
108,7,86.9,3.3
94,0,86.9,2.3
92,0,86.9,2
95,0,86.9,2.2
89,0,86.9,1.9
94,0,86.9,2.2
98,0,86.9,2.5
88,0,86.9,1.8
94,0,86.9,2.2
99,0,86.9,2.5
94,0,86.9,2.1
95,0,87.8,2.3
91,0,87.8,1.9
93,0,87.8,2.1
93,0,87.8,2.2
95,0,87.8,2.2
96,0,87.8,2.3
96,0,87.8,2.2
96,0,88.7,2.3
99,0,88.7,2.5
89,0,88.7,1.9
97,0,88.7,2.5
99,0,88.7,2.5
99,0,88.7,2.5
98,0,88.7,2.4
96,0,88.7,2.3
98,0,88.7,2.4
99,0,88.7,2.5
91,0,88.7,2.1
89,0,88.7,1.9
92,0,88.7,2
93,0,88.7,2.1
90,0,88.7,2
90,0,88.7,1.9
83,0,88.7,1.5
90,0,88.7,2
100,0,88.7,2.5
92,0,89.6,2.1
96,0,89.6,2.3
91,0,89.6,2
95,0,89.6,2.3
94,0,89.6,2.2
91,0,89.6,2
92,0,89.6,2
90,0,89.6,2
89,0,89.6,1.9
92,0,89.6,2
82,0,89.6,1.6
97,0,89.6,2.3
96,0,89.6,2.4
96,0,89.6,2.2
91,0,89.6,2
96,29,89.6,2.4
95,0,89.6,2.4
90,0,89.6,2
93,40,89.6,2.5
91,0,89.6,2
94,0,89.6,2.2
88,0,88.7,1.8
97,0,88.7,2.4
98,0,88.7,2.5
91,0,88.7,2
91,0,88.7,2.1
95,0,88.7,2.3
90,0,88.7,2
90,0,88.7,2
94,0,88.7,2.2
91,0,88.7,2
88,0,88.7,1.9
88,0,88.7,1.8
91,0,88.7,2
94,0,88.7,2.3
94,0,88.7,2.2
96,0,88.7,2.3
92,0,88.7,2
96,0,89.6,2.3
92,0,89.6,2.1
86,0,89.6,1.8
86,0,89.6,1.7
88,0,89.6,1.8
90,0,89.6,1.9
91,0,89.6,2
89,0,89.6,1.9
82,0,89.6,1.5
91,0,89.6,2
94,0,89.6,2.2
88,0,89.6,1.8
91,0,89.6,2.1
92,0,89.6,2.1
88,0,89.6,1.8
88,0,89.6,1.9
93,0,89.6,2.2
93,0,89.6,2.1
96,0,89.6,2.3
92,0,89.6,2.1
95,0,89.6,2.3
90,0,89.6,2
88,0,89.6,1.8
100,0,89.6,2.5
94,0,89.6,2.2
95,0,89.6,2.3
96,0,89.6,2.3
95,0,89.6,2.3
92,0,89.6,2
92,0,89.6,2
97,0,89.6,2.4
92,0,89.6,2
93,0,90.5,2.1
94,0,90.5,2.2
93,0,90.5,2.1
95,0,90.5,2.3
88,0,90.5,1.8
97,0,90.5,2.4
95,0,90.5,2.2
92,0,90.5,2.1
90,0,89.6,1.9
95,0,89.6,2.3
92,0,89.6,2.1
90,0,89.6,2
90,0,89.6,1.9
84,0,89.6,1.6
88,0,89.6,1.8
86,0,89.6,1.7
91,0,89.6,2.1
86,0,89.6,1.8
92,0,89.6,2
86,0,89.6,1.7
90,0,89.6,2
96,0,89.6,2.3
94,0,89.6,2.1
86,0,89.6,1.7
89,0,89.6,1.8
92,0,89.6,2.1
97,0,89.6,2.4
91,0,89.6,2
86,0,89.6,1.8
88,0,89.6,1.8
94,0,89.6,2.1
97,0,89.6,2.4
99,0,89.6,2.5
101,0,89.6,2.6
95,70,89.6,2.6
99,26,89.6,2.6
93,0,88.7,2.5
99,29,88.7,2.7
94,0,88.7,2.2
86,0,88.7,1.8
90,0,87.8,1.9
93,0,87.8,2
86,10,87.8,1.8
92,0,87.8,2
102,0,86.9,2.6
97,0,86.9,2.2
95,0,86.9,2.2
98,0,86.9,2.5
95,0,86.9,2.3
92,0,86.9,2.1
89,0,86.9,1.9
94,8,86.9,2.3
83,0,86.9,1.6
86,0,86.9,1.8
92,0,86.9,2.1
80,0,86.9,1.6
88,0,86.9,1.9
86,0,86.9,1.8
85,0,86.9,1.6
91,0,86.9,2
88,0,86.9,1.9
90,0,86.9,1.9
84,0,87.8,1.6
91,0,87.8,2
83,0,87.8,1.6
88,0,87.8,1.8
91,0,87.8,2
94,0,87.8,2.2
87,0,87.8,1.8
83,0,87.8,1.7
76,0,87.8,1.6
84,0,87.8,1.7
84,0,87.8,1.6
87,0,87.8,1.7
91,0,88.7,2.1
87,0,87.8,1.8
87,0,88.7,1.8
87,0,87.8,1.7
84,0,87.8,1.7
85,0,88.7,1.7
89,0,87.8,1.9
92,0,87.8,2
88,0,88.7,1.9
90,0,88.7,2
90,0,88.7,2
85,0,87.8,1.8
87,0,87.8,1.9
79,0,87.8,1.7
86,0,87.8,1.9
89,0,87.8,2
88,0,87.8,1.8
90,0,87.8,2
81,0,87.8,1.5
77,0,87.8,1.6
96,0,87.8,2.2
94,0,87.8,2.1
93,0,87.8,2.3
85,0,87.8,1.8
86,0,87.8,1.7
87,0,87.8,1.7
81,0,87.8,1.6
83,0,87.8,1.6
83,0,88.7,1.6
82,0,88.7,1.7
102,0,88.7,2.7
98,0,88.7,2.5
78,0,88.7,1.5
59,0,88.7,1.5
84,62,88.7,2.1
117,115,88.7,6.3
115,114,88.7,6.3
120,109,88.7,7.6
106,0,89.6,3.5
97,17,89.6,2.3
103,0,89.6,2.7
90,0,88.7,1.8
100,0,88.7,2.5
114,104,88.7,6.1
118,106,88.7,7.4
116,104,88.7,6.8
125,98,88.7,9.7
123,105,87.8,9.3
122,95,87.8,8.9
98,26,87.8,2.8
92,118,87.8,2.4
114,107,87.8,5.3
118,109,87.8,5.7
120,100,87.8,7.5
123,31,87.8,7.5
111,28,86.9,3.6
98,24,86.9,2.5
103,0,86,2.6
116,53,86,4.3
109,0,86,2.9
102,14,86,2.9
107,0,86,2.8
105,0,86,2.8
113,0,86,4.4
113,28,86,4.8
107,0,86,2.8
115,10,86,5.4
111,34,86.9,4.5
105,14,86.9,2.8
100,0,86.9,2.6
101,0,86.9,2.5
105,0,86.9,3
90,0,86.9,2
91,0,86.9,2.2
92,0,87.8,2.3
95,0,87.8,2.3
106,0,87.8,3
95,0,87.8,2.4
92,0,87.8,2.3
94,0,87.8,2.3
94,0,88.7,2.3
95,0,88.7,2.3
97,0,88.7,2.5
119,0,88.7,5.9
111,0,88.7,5.4
90,0,88.7,2
89,0,88.7,2.1
103,0,88.7,2.5
105,0,88.7,2.6
100,0,88.7,2.7
110,0,88.7,3.4
106,0,88.7,2.7
95,0,88.7,2.6
79,0,88.7,1.7
80,0,88.7,1.7
80,0,88.7,1.7
103,0,88.7,2.8
101,0,88.7,2.7
97,0,88.7,2.6
102,0,87.8,2.7
92,0,87.8,2.1
93,0,87.8,2.2
86,0,87.8,1.8
107,0,87.8,2.9
107,24,87.8,3.7
115,0,87.8,3.9
109,0,87.8,3.3
108,0,87.8,2.9
113,0,87.8,4.1
113,0,87.8,3.9
118,0,88.7,3.4
109,33,88.7,4
99,27,88.7,2.6
109,37,88.7,2.7
106,0,88.7,2.6
92,0,88.7,2.3
97,0,87.8,2.5
99,0,87.8,2.6
99,0,87.8,2.7
99,0,87.8,2.8
102,0,87.8,2.5
98,0,87.8,2.7
90,0,87.8,2.1
111,0,88.7,3.8
104,0,88.7,2.9
100,0,88.7,2.7
105,0,88.7,3.2
106,19,88.7,3.1
92,0,88.7,2.1
81,0,88.7,1.9
100,0,88.7,2.7
95,0,88.7,2.4
89,0,87.8,2.2
94,22,87.8,2.4
104,8,87.8,2.8
93,0,87.8,2.3
93,14,87.8,2.2
88,82,87.8,2.1
87,0,86.9,2.1
96,18,86.9,2.3
92,0,86.9,2.1
96,0,86.9,2.5
107,0,86.9,3.2
109,0,86.9,2.6
88,12,86.9,2
103,0,86.9,2.9
102,0,86.9,2.8
95,0,86.9,2.1
94,0,86.9,2.5
99,0,86.9,2.7
102,22,87.8,2.9
102,0,86.9,2.8
97,0,86.9,2.5
96,0,87.8,2.4
114,0,87.8,4.8
114,17,87.8,4.7
106,7,86.9,3.7
107,23,87.8,3.2
100,0,87.8,2.7
92,0,87.8,2.2
100,0,87.8,2.6
106,20,87.8,3
116,13,87.8,5.6
111,0,87.8,3.7
96,0,87.8,2.5
102,0,87.8,2.8
107,0,88.7,3.1
114,0,88.7,4.1
118,0,88.7,5.4
111,0,88.7,3.9
103,0,88.7,2.8
100,9,88.7,2.6
100,0,88.7,2.6
99,0,88.7,2.4
96,0,88.7,2.3
95,0,88.7,2.3
93,0,88.7,2.2
100,20,89.6,2.8
103,7,89.6,2.9
98,0,89.6,2.4
96,0,89.6,2.3
91,0,89.6,1.9
94,0,89.6,1.8
101,0,89.6,2.7
105,0,89.6,2.9
106,0,89.6,2.3
109,0,89.6,3.2
108,0,89.6,2.9
98,0,89.6,2.5
95,0,89.6,2.3
102,0,89.6,2.7
101,0,89.6,2.6
103,0,89.6,2.5
104,0,89.6,2.8
98,0,89.6,2.6
96,0,89.6,2.4
111,11,89.6,4
123,0,88.7,7.9
113,0,88.7,3.1
112,0,88.7,5.6
73,0,89.6,1.5
80,0,89.6,1.7
96,0,89.6,2.4
89,0,89.6,2
104,0,89.6,2.6
101,0,89.6,2.7
103,0,89.6,2.9
108,0,89.6,2.8
101,0,89.6,2.6
108,0,89.6,3
110,0,89.6,3.1
111,0,89.6,3.4
111,0,89.6,4
108,0,89.6,3
111,0,89.6,3.2
110,0,89.6,3.2
111,0,89.6,3.7
112,0,89.6,4.3
109,0,89.6,3.2
101,0,89.6,2.5
107,25,89.6,3.5
115,113,89.6,6
106,17,88.7,2.7
101,34,88.7,3
92,0,88.7,2
99,0,87.8,2.4
108,0,87.8,3.1
112,0,87.8,3.1
120,0,87.8,6
112,0,87.8,4.1
103,0,87.8,2.9
109,0,88.7,3.9
99,0,88.7,2.5
102,0,88.7,2.6
110,0,88.7,3.2
116,0,88.7,4.7
111,0,88.7,3.5
106,0,88.7,2.9
105,0,88.7,2.8
109,0,88.7,3
110,0,88.7,3.1
111,0,88.7,3.2
115,0,88.7,4.9
110,0,89.6,3.2
107,0,89.6,3.1
108,0,89.6,3.1
109,0,89.6,3.1
112,0,89.6,3.3
112,0,88.7,4.3
109,0,88.7,3.2
109,0,88.7,3.1
104,0,89.6,2.8
111,0,89.6,3.9
111,0,89.6,3.7
106,0,88.7,2.9
113,14,88.7,3.7
112,23,88.7,4.2
110,17,88.7,3.4
105,0,88.7,2.9
108,0,88.7,3.1
112,0,88.7,3.3
110,0,88.7,3.4
108,0,88.7,3
111,0,88.7,3.2
112,0,88.7,3.2
110,0,88.7,3.2
112,0,89.6,3.3
107,0,89.6,3
106,0,89.6,2.8
109,0,89.6,3.1
106,0,89.6,2.9
106,0,89.6,2.9
104,0,88.7,2.8
109,0,88.7,3.1
112,7,88.7,3.5
112,0,88.7,4.1
107,0,88.7,3
106,6,88.7,3
103,0,88.7,2.9
106,15,88.7,3.1
100,0,88.7,2.5
100,21,88.7,2.7
105,0,88.7,2.7
101,0,88.7,2.6
103,0,88.7,2.9
99,0,88.7,2.4
101,0,88.7,2.6
105,0,88.7,3
104,0,88.7,2.8
111,20,88.7,4
110,0,88.7,3.2
110,0,87.8,3.2
111,0,87.8,3.3
112,0,87.8,3.5
110,19,87.8,3.5
113,0,87.8,4.7
116,27,87.8,5.5
113,30,87.8,3.6
112,0,87.8,3.6
109,0,87.8,3
104,0,87.8,2.9
105,0,87.8,2.8
108,0,87.8,3.2
105,0,87.8,2.7
106,0,87.8,2.9
107,0,86.9,3.1
108,9,87.8,3.2
104,0,87.8,2.9
102,0,87.8,2.7
103,0,87.8,2.8
99,0,87.8,2.4
109,0,87.8,3.8
103,0,86.9,2.7
103,0,86.9,2.7
103,0,86.9,2.8
104,0,86.9,2.9
106,0,86.9,3
107,0,86.9,2.9
107,0,86.9,2.9
101,0,87.8,2.6
94,0,87.8,2.1
99,0,87.8,2.5
101,0,87.8,2.5
103,0,87.8,2.7
102,0,86.9,2.7
102,0,86.9,2.7
98,0,86.9,2.3
100,27,86.9,2.8
105,90,86.9,4.2
112,39,86.9,3.7
116,0,86,5.8
108,0,86,2.9
110,0,86,3.2
104,0,86,3
101,21,86.9,2.5
104,0,86.9,2.8
104,0,86.9,3.1
107,50,86.9,3.1
108,10,86.9,3.3
115,23,86.9,5.4
110,73,86.9,3.6
101,96,86.9,2.9
105,86,86.9,3.1
112,86,86,4.4
110,71,85.1,3.3
122,1,85.1,8.4
101,25,84.2,3.2
90,29,84.2,2.4
118,0,84.2,6.5
97,31,84.2,2.8
106,23,83.3,3.1
119,15,83.3,6.4
111,0,83.3,3.4
107,0,83.3,3
104,69,82.4,2.9
107,100,82.4,3.3
108,104,82.4,3.5
103,98,82.4,3.1
105,56,82.4,3.1
111,22,82.4,4
109,29,82.4,3.5
104,9,82.4,3
108,0,83.3,3.2
110,0,83.3,3.6
108,0,84.2,4.1
112,0,85.1,4.4
105,45,85.1,2.9
104,21,86,3.7
115,10,86,4.6
104,33,86,3.2
104,28,86,3.1
105,19,86,3.2
109,29,86,3.4
101,0,85.1,2.9
102,44,85.1,3
100,22,86,2.8
97,0,86,2.6
104,7,86,3
98,42,85.1,2.8
104,24,85.1,3.5
99,33,85.1,2.8
106,16,85.1,3.6
106,0,85.1,3.3
105,0,85.1,3.1
97,0,85.1,2.4
91,0,85.1,2
91,0,85.1,1.9
93,0,85.1,2.1
92,0,86,2
92,0,86,2.1
92,0,86,2.1
94,0,86,2.1
91,0,86,2
90,0,86.9,1.9
93,0,86.9,2.1
96,0,86.9,2.2
92,0,86.9,2
87,0,86.9,1.8
90,0,87.8,1.9
93,0,87.8,2.1
92,0,87.8,2.1
92,0,87.8,2
88,0,88.7,1.8
66,0,84.2,1.5
68,0,84.2,1.4
69,0,84.2,1.5
71,0,84.2,1.5
70,0,84.2,1.4
70,0,84.2,1.5
68,0,84.2,1.5
70,0,84.2,1.4
70,0,84.2,1.5
70,0,84.2,1.5
70,0,84.2,1.4
72,0,84.2,1.5
71,0,84.2,1.5
81,0,84.2,1.4
78,0,84.2,1.5
84,0,84.2,1.5
74,0,84.2,1.4
65,0,84.2,1.5
64,0,84.2,1.5
63,0,84.2,1.4
56,0,85.1,1.5
60,0,84.2,1.5
62,0,84.2,1.4
67,0,84.2,1.5
66,0,84.2,1.5
58,0,84.2,1.5
63,0,84.2,1.4
57,0,84.2,1.5
62,0,84.2,1.5
60,0,84.2,1.4
68,0,84.2,1.5
65,0,84.2,1.5
64,0,84.2,1.4
59,0,84.2,1.5
65,0,84.2,1.5
59,0,84.2,1.4
64,0,84.2,1.5
66,0,84.2,1.5
66,0,84.2,1.4
64,0,84.2,1.5
67,0,84.2,1.5
59,0,83.3,1.4
64,0,83.3,1.5
63,0,83.3,1.5
60,0,83.3,1.4
66,0,83.3,1.5
70,0,83.3,1.5
61,0,83.3,1.4
63,0,83.3,1.5
66,0,83.3,1.5
69,0,83.3,1.4
66,0,83.3,1.5
69,0,83.3,1.5
70,0,83.3,1.4
75,0,83.3,1.5
71,0,84.2,1.5
70,0,84.2,1.5
70,0,84.2,1.4
69,0,84.2,1.5
70,0,85.1,1.5
72,0,85.1,1.4
75,0,86,1.5
75,0,86,1.5
76,0,86,1.4
77,0,86.9,1.5
77,0,86.9,1.5
80,0,86.9,1.4
87,0,86.9,1.5
71,0,87.8,1.5
70,0,87.8,1.4
71,0,87.8,1.5
73,0,87.8,1.5
74,0,87.8,1.4
75,0,87.8,1.5
75,0,87.8,1.5
75,0,87.8,1.4
75,0,86.9,1.5
76,0,86.9,1.5
75,0,86.9,1.4
76,0,86.9,1.5
75,0,86.9,1.5
75,0,86.9,1.4
77,0,86.9,1.5
74,0,86.9,1.5
78,0,86.9,1.4
72,0,86.9,1.5
76,0,86.9,1.5
75,0,86.9,1.4
76,0,86.9,1.5
77,0,86.9,1.5
78,0,86.9,1.5
77,0,86.9,1.4
86,0,86.9,1.5
69,0,86,1.5
65,0,86,1.4
64,0,86,1.5
74,0,86,1.5
59,0,86,1.4
62,0,86,1.5
61,0,86,1.5
66,0,86,1.4
63,0,85.1,1.5
63,0,85.1,1.5
62,0,85.1,1.4
62,0,85.1,1.5
63,0,85.1,1.5
64,0,85.1,1.4
62,0,85.1,1.5
74,0,85.1,1.5
71,0,85.1,1.4
61,0,85.1,1.5
56,0,85.1,1.5
55,0,85.1,1.4
60,0,84.2,1.5
64,0,84.2,1.5
60,0,84.2,1.4
55,0,84.2,1.5
61,0,84.2,1.5
60,0,84.2,1.4
62,0,84.2,1.5
60,0,84.2,1.5
65,0,84.2,1.4
63,0,84.2,1.5
68,0,84.2,1.5
62,0,84.2,1.5
60,0,83.3,1.4
63,0,83.3,1.5
66,0,83.3,1.5
62,0,83.3,1.4
64,0,83.3,1.5
70,0,83.3,1.5
66,0,83.3,1.4
60,0,83.3,1.5
70,0,83.3,1.5
64,0,83.3,1.4
65,0,83.3,1.5
63,0,83.3,1.5
65,0,83.3,1.4
66,0,83.3,1.5
70,0,83.3,1.5
68,0,83.3,1.4
55,0,82.4,1.5
65,0,82.4,1.5
65,0,82.4,1.4
63,0,83.3,1.5
63,0,83.3,1.5
68,0,83.3,1.4
75,0,83.3,1.5
68,0,84.2,1.5
68,0,84.2,1.4
68,0,85.1,1.5
69,0,86,1.5
67,0,86,1.4
70,0,86.9,1.5
69,0,86.9,1.5
72,0,87.8,1.5
70,0,87.8,1.4
72,0,88.7,1.5
71,0,88.7,1.5
72,0,88.7,1.4
70,0,89.6,1.5
76,0,89.6,1.5
81,0,89.6,1.4
69,0,89.6,1.5
73,0,89.6,1.5
68,0,89.6,1.4
72,0,89.6,1.5
70,0,89.6,1.5
72,0,89.6,1.4
70,0,89.6,1.5
67,0,89.6,1.5
70,0,89.6,1.4
72,0,90.5,1.5
70,0,90.5,1.5
71,0,90.5,1.4
74,0,90.5,1.5
74,0,90.5,1.5
66,0,90.5,1.4
69,0,90.5,1.5
67,0,90.5,1.5
70,0,90.5,1.4
70,0,90.5,1.5
70,0,90.5,1.5
70,0,90.5,1.4
73,0,90.5,1.5
72,0,90.5,1.5
73,0,90.5,1.4
72,0,90.5,1.5
72,0,90.5,1.5
72,0,90.5,1.5
74,0,90.5,1.4
73,0,90.5,1.5
72,0,90.5,1.5
75,0,90.5,1.4
74,0,90.5,1.5
76,0,89.6,1.5
77,0,89.6,1.4
77,0,89.6,1.5
78,0,89.6,1.5
78,0,89.6,1.4
79,0,89.6,1.5
78,0,89.6,1.5
76,0,89.6,1.4
76,0,89.6,1.5
75,0,89.6,1.5
76,0,89.6,1.4
76,0,89.6,1.5
78,0,89.6,1.5
74,0,89.6,1.4
74,0,89.6,1.5
85,0,89.6,1.5
71,0,89.6,1.4
68,0,88.7,1.5
88,6,88.7,1.5
86,0,88.7,1.4
85,0,87.8,1.5
93,13,87.8,1.5
94,0,87.8,2
95,0,86.9,1.9
92,0,86.9,1.9
96,0,86.9,2
105,0,86.9,2.6
101,0,86.9,2.5
94,0,86.9,2.2
91,0,86.9,1.9
114,0,86.9,2.7
97,14,86.9,2.3
85,6,86.9,1.7
81,27,86,1.6
93,0,86,2.3
109,0,86,2.9
95,0,86,2
83,0,86,1.6
86,0,85.1,1.7
105,0,85.1,2.8
101,0,85.1,2.5
110,0,85.1,3.3
90,0,85.1,1.7
88,31,86,2
93,0,86,2.1
84,0,86,1.6
103,18,86,2.8
103,0,87.8,2.8
107,0,91.4,2.9
110,16,94.1,2.3
113,69,94.1,3.7
115,0,94.1,3.4
93,0,95.9,2.1
104,0,95,2.8
111,9,93.2,3.2
111,11,92.3,4.3
103,10,91.4,2.7
97,12,90.5,2.6
107,0,88.7,3.1
100,0,88.7,2.7
85,20,87.8,1.8
86,11,86.9,1.7
89,0,86.9,2
96,0,86,2.4
95,99,86,2.5
106,101,86,3.1
121,107,84.2,5.9
122,107,82.4,7.5
120,71,80.6,6.2
97,92,79.7,2.7
107,85,78.8,3.1
114,80,77.9,3.6
118,91,77,4.7
117,102,77,4.1
126,40,77,8.5
104,0,77.9,2.5
88,0,78.8,1.7
65,19,78.8,1.5
88,114,79.7,2.1
115,115,79.7,3.6
116,23,79.7,3.4
108,18,79.7,2.3
106,0,80.6,2.7
91,0,80.6,1.8
92,0,80.6,1.8
101,0,81.5,2.4
94,0,82.4,2
100,0,82.4,2.2
87,0,83.3,1.7
94,0,83.3,1.9
84,75,84.2,1.7
102,41,84.2,2.6
92,0,84.2,1.9
102,81,85.1,2.7
122,92,84.2,6
121,90,83.3,5.5
107,29,83.3,3
92,12,83.3,2
91,0,83.3,1.8
91,0,84.2,1.7
85,9,84.2,1.6
96,56,85.1,2.6
100,2,84.2,2.4
90,0,85.1,1.7
86,0,84.2,1.6
89,0,85.1,1.7
101,0,85.1,2.5
93,0,85.1,2
89,0,85.1,1.6
87,0,86,1.6
86,0,86,1.5
83,0,86,1.7
83,0,86,1.5
79,0,86,1.5
80,0,86,1.4
87,0,86,1.8
95,0,86.9,2.2
91,0,86.9,1.9
87,0,86.9,1.6
81,0,86.9,1.5
78,0,86.9,1.5
84,0,86.9,1.5
85,0,87.8,1.5
87,31,87.8,1.8
107,69,87.8,3
89,0,87.8,2
76,0,87.8,1.5
84,0,87.8,1.5
87,0,86.9,1.5
84,0,86.9,1.5
85,0,87.8,1.6
95,0,87.8,1.9
95,0,87.8,2
92,0,87.8,1.8
94,0,87.8,1.8
82,0,87.8,1.5
69,0,87.8,1.5
68,0,87.8,1.5
67,0,87.8,1.4
90,0,87.8,1.8
68,0,87.8,1.4
73,0,87.8,1.5
63,0,87.8,1.5
65,0,87.8,1.4
101,0,87.8,2.3
110,0,87.8,2.8
112,0,87.8,2.9
105,0,87.8,2.6
106,0,87.8,2.6
105,0,88.7,2.6
116,0,88.7,3.1
113,26,88.7,3.6
112,68,88.7,3.4
99,0,88.7,2.3
88,0,87.8,1.7
93,0,87.8,1.8
82,0,87.8,1.5
89,0,87.8,1.7
87,0,87.8,1.6
97,0,87.8,2.2
95,0,88.7,2
91,0,88.7,1.7
94,0,88.7,2
98,0,88.7,2.1
90,0,88.7,1.8
85,0,88.7,1.6
95,0,88.7,2
92,0,88.7,1.8
98,0,88.7,2.3
93,0,88.7,1.8
95,0,88.7,2
94,0,88.7,1.9
94,0,88.7,2
95,0,88.7,1.9
99,0,88.7,2.2
98,0,88.7,2.2
95,0,88.7,2
93,0,88.7,1.9
95,0,88.7,2
99,0,88.7,2.3
88,0,88.7,1.5
93,0,88.7,1.9
90,0,88.7,1.7
93,0,88.7,1.8
93,0,88.7,1.9
92,0,88.7,1.9
94,0,88.7,1.9
96,0,88.7,2.1
95,0,88.7,2
94,0,88.7,1.9
95,0,88.7,2
94,0,88.7,1.9
92,0,89.6,1.8
88,0,89.6,1.7
84,0,89.6,1.5
88,0,88.7,1.7
94,0,88.7,1.9
92,0,88.7,1.8
93,0,88.7,1.8
96,0,88.7,2
92,0,88.7,1.8
92,0,88.7,1.8
92,0,89.6,1.9
91,0,89.6,1.8
90,0,89.6,1.7
94,0,89.6,2
93,0,89.6,1.8
88,0,89.6,1.7
82,0,89.6,1.5
88,0,89.6,1.6
86,0,88.7,1.5
89,0,88.7,1.7
83,0,89.6,1.5
95,0,89.6,2.1
90,0,89.6,1.7
90,0,89.6,1.7
88,0,89.6,1.7
85,0,89.6,1.4
91,0,89.6,1.8
89,0,89.6,1.9
102,0,89.6,2.3
86,0,89.6,1.5
95,0,88.7,2
92,0,88.7,1.8
93,0,89.6,1.8
88,0,89.6,1.6
86,0,89.6,1.6
94,0,89.6,1.9
92,0,89.6,1.7
94,0,89.6,1.9
86,0,89.6,1.6
91,0,89.6,1.8
94,0,89.6,1.9
81,0,89.6,1.5
87,0,88.7,1.6
89,0,88.7,1.6
85,0,88.7,1.5
88,0,88.7,1.6
78,21,88.7,1.5
97,5,88.7,2.3
108,19,88.7,3
104,15,88.7,2.6
90,0,88.7,1.8
96,0,87.8,2.1
90,0,87.8,1.8
97,0,87.8,2
91,0,87.8,1.7
89,0,87.8,1.7
86,15,87.8,1.7
86,0,87.8,1.6
84,0,87.8,1.5
85,0,88.7,1.6
91,0,88.7,1.8
85,0,88.7,1.5
91,0,88.7,1.9
100,0,88.7,1.8
85,0,88.7,1.6
71,0,88.7,1.5
77,0,87.8,1.4
83,14,87.8,1.6
99,47,87.8,2.5
107,58,87.8,2.8
99,26,87.8,2.4
92,0,87.8,1.9
84,0,86.9,1.5
90,0,86.9,1.7
98,0,86.9,2.2
98,0,86.9,1.9
93,0,86.9,1.9
90,0,86.9,1.7
106,0,86.9,2.7
104,0,86.9,2.6
101,0,87.8,2.3
95,0,87.8,1.8
78,0,87.8,1.5
92,0,87.8,1.9
98,0,87.8,2.3
103,0,87.8,2.4
103,0,87.8,2.6
94,0,88.7,2.1
116,0,88.7,3.8
103,0,88.7,2.5
97,0,88.7,2.1
91,0,88.7,1.8
87,16,88.7,1.7
95,65,88.7,2.3
101,37,87.8,2.6
102,24,87.8,2.6
88,0,87.8,1.6
82,0,87.8,1.6
90,0,87.8,1.8
87,0,87.8,1.6
93,19,87.8,2
104,15,87.8,2.4
90,0,87.8,1.7
87,0,87.8,1.6
97,0,87.8,2.2
89,0,87.8,1.6
88,0,88.7,1.7
93,0,88.7,1.9
98,0,86.9,2.2
94,0,86.9,2
93,0,86.9,2
92,0,86.9,2
102,25,86.9,2.9
108,22,86.9,3
106,0,86.9,2.9
96,0,86,2.1
98,0,86.9,2.3
88,0,86.9,1.8
102,0,86,2.6
116,0,86,5.2
89,0,86.9,1.7
92,0,86.9,1.9
89,0,86.9,1.8
88,0,87.8,1.7
89,0,87.8,1.7
92,0,87.8,1.9
93,0,87.8,2
90,9,88.7,1.8
94,41,87.8,2.2
101,39,88.7,2.7
103,0,88.7,2.6
104,41,87.8,2.7
102,0,87.8,2.5
96,0,87.8,2.1
97,0,87.8,2.1
96,0,87.8,2.2
100,0,87.8,2.3
98,0,87.8,2.3
94,0,87.8,2.1
95,0,88.7,2.1
103,22,88.7,2.8
96,34,88.7,2.5
99,12,88.7,2.3
101,0,87.8,2
100,0,87.8,2.5
89,0,87.8,1.8
90,0,86.9,1.8
98,0,86.9,2.2
97,0,86.9,2.3
98,0,86.9,2.3
104,0,87.8,2.7
86,0,86.9,1.7
92,0,86.9,2
88,0,87.8,1.8
83,0,86.9,1.6
86,0,87.8,1.7
97,0,87.8,2.3
122,0,87.8,3.3
109,12,87.8,2.9
87,0,87.8,1.7
82,0,87.8,1.7
97,0,86.9,2.2
102,26,86.9,2.6
109,0,86.9,2.7
117,0,86.9,5.1
117,10,86.9,4.7
106,40,86,3.1
106,27,86,2.6
104,21,85.1,2.8
113,57,84.2,3.3
108,13,84.2,3.2
106,28,84.2,2.8
102,22,84.2,2.8
103,20,84.2,2.4
96,0,84.2,2.1
93,33,84.2,2.4
86,0,84.2,1.6
89,30,84.2,1.9
103,12,85.1,2.7
102,0,85.1,2.4
91,0,85.1,1.9
88,0,85.1,1.6
91,0,85.1,1.9
87,0,85.1,1.7
87,0,86,1.6
87,0,86,1.6
89,0,86,1.7
87,0,86,1.6
87,0,86.9,1.7
93,0,86.9,2
84,0,86.9,1.8
74,0,86.9,1.5
89,0,87.8,1.8
92,0,87.8,2
91,0,87.8,1.8
90,0,87.8,1.7
93,0,87.8,2
93,0,87.8,2
94,0,87.8,2
95,0,87.8,2.1
94,0,87.8,2
94,0,87.8,2
92,0,87.8,2
96,0,86.9,2.1
97,0,86.9,2.2
95,0,86.9,2.2
96,0,86.9,2.2
93,0,86.9,2
91,0,86.9,1.9
96,24,86.9,2.3
90,9,86.9,1.9
99,22,86.9,2.4
96,0,86.9,2.2
95,0,86.9,2.1
97,0,86.9,2.3
94,0,86.9,2
102,20,86.9,2.7
92,0,87.8,1.9
80,0,87.8,1.5
83,0,87.8,1.5
84,0,87.8,1.4
84,0,87.8,1.5
87,28,87.8,1.9
93,0,87.8,1.9
93,0,86.9,2.1
94,0,86.9,1.9
94,0,87.8,2
93,0,87.8,2
95,0,87.8,2.1
92,0,87.8,1.9
86,0,87.8,1.6
72,0,87.8,1.5
83,0,87.8,1.6
92,0,88.7,1.9
96,0,88.7,2.2
95,0,88.7,2.3
89,0,88.7,1.7
89,0,88.7,1.8
86,0,88.7,1.6
87,0,87.8,1.7
90,0,87.8,1.7
90,0,87.8,1.8
87,0,87.8,1.7
94,0,87.8,2.1
96,0,87.8,2.4
93,0,87.8,2
91,0,87.8,1.8
91,0,87.8,1.8
93,0,87.8,2
89,0,87.8,1.7
90,0,87.8,1.8
94,0,87.8,2
90,0,87.8,1.7
89,0,88.7,1.8
93,0,87.8,1.9
89,0,87.8,1.7
93,0,87.8,2
93,0,87.8,1.9
92,0,87.8,1.9
94,0,87.8,2
94,0,88.7,2.1
90,0,88.7,1.7
91,0,87.8,1.9
92,0,87.8,1.9
94,0,87.8,2.1
92,0,87.8,1.9
93,0,87.8,1.9
93,0,87.8,2
95,0,87.8,2.1
93,0,88.7,1.9
92,0,88.7,1.9
92,0,88.7,1.9
97,0,88.7,2.1
101,11,88.7,2.7
115,9,88.7,3.8
121,16,88.7,6.2
95,0,88.7,2.1
89,0,88.7,1.8
91,0,88.7,1.8
91,0,88.7,1.8
92,0,88.7,1.9
87,0,88.7,1.6
92,0,88.7,1.9
90,0,88.7,1.8
93,0,88.7,2
89,0,88.7,1.7
89,0,88.7,1.7
87,0,88.7,1.7
91,0,88.7,1.8
92,0,88.7,1.9
94,0,85.1,2.6
97,15,85.1,3
103,13,85.1,3.8
92,0,85.1,2.5
84,0,85.1,2
85,0,85.1,2
90,0,85.1,2.3
85,0,85.1,2
83,0,85.1,1.8
85,0,85.1,2
96,0,85.1,2.8
93,0,84.2,2.6
87,0,84.2,2.2
96,0,84.2,2.8
95,17,84.2,2.7
102,0,84.2,4.1
96,0,84.2,2.8
94,0,85.1,2.7
92,0,85.1,2.4
88,0,85.1,2.2
85,0,84.2,2
87,0,84.2,2.1
84,0,84.2,1.9
84,0,84.2,1.9
87,0,84.2,2.1
84,0,84.2,1.9
87,0,85.1,2.1
87,0,85.1,2.2
89,0,85.1,2.2
87,0,85.1,2.2
88,0,85.1,2.1
90,0,85.1,2.3
92,0,85.1,2.5
89,0,85.1,2.2
93,0,86,2.5
90,0,86,2.5
86,0,86,2.1
90,0,86,2.3
85,0,86,2
89,0,86,2.3
88,0,85.1,2.2
88,0,86,2.1
85,0,86,2
85,0,86.9,2
91,0,86.9,2.5
88,0,86.9,2.1
92,0,86,2.4
87,0,85.1,2.1
89,0,85.1,2.3
87,0,85.1,2.1
100,0,85.1,4.3
110,29,86,6.1
107,33,86.9,5.2
101,0,86.9,3.2
103,29,86.9,3.7
88,8,86.9,2.5
100,0,86.9,2.9
106,0,86.9,4.2
102,0,86.9,4.1
96,27,86.9,3
97,37,86.9,3
95,0,86,2.8
111,20,86,6.8
92,19,86,2.7
85,0,86,2.2
98,0,86,3.1
96,0,85.1,2.9
95,0,85.1,2.7
95,0,85.1,2.7
90,0,84.2,2.4
93,0,84.2,2.6
90,0,84.2,2.4
89,0,84.2,2.4
86,0,84.2,2
85,0,84.2,2
88,0,84.2,2.2
91,0,84.2,2.4
94,0,85.1,2.6
88,0,85.1,2.1
90,0,85.1,2.3
92,0,85.1,2.5
89,0,85.1,2.3
85,0,85.1,2
90,0,85.1,2.3
89,0,85.1,2.3
89,0,85.1,2.2
87,0,85.1,2.1
85,0,85.1,2
89,0,85.1,2.2
89,0,85.1,2.2
92,0,86,2.5
87,0,86,2.1
89,0,86,2.2
91,0,85.1,2.4
92,0,85.1,2.4
88,0,85.1,2.2
96,0,85.1,2.8
95,0,84.2,2.7
91,0,85.1,2.4
95,0,85.1,2.7
92,0,85.1,2.4
88,0,84.2,2.2
91,0,84.2,2.4
91,0,84.2,2.5
92,0,84.2,2.4
91,0,84.2,2.3
87,0,84.2,2.1
89,0,84.2,2.3
92,0,84.2,2.4
95,0,84.2,2.7
92,0,85.1,2.5
89,0,84.2,2.3
91,0,84.2,2.5
88,0,84.2,2.2
91,0,85.1,2.5
87,0,85.1,2.3
86,0,85.1,2
94,0,85.1,2.6
91,0,86,2.4
90,0,86,2.3
92,0,86,2.5
92,0,86,2.5
91,0,86,2.4
94,0,86,2.6
92,0,86,2.5
90,0,86,2.2
92,0,86.9,2.5
97,0,86.9,2.8
93,0,86.9,2.6
89,0,86.9,2.3
91,0,86.9,2.4
87,0,86.9,2.2
88,0,86,2.2
90,0,86,2.3
90,0,86,2.2
92,0,86,2.5
90,0,86,2.2
93,0,85.1,2.7
94,0,85.1,2.6
94,0,85.1,2.5
92,0,85.1,2.6
93,0,85.1,2.6
96,0,86,2.7
98,0,86,3
96,0,86,2.7
93,0,86,2.5
99,0,86,2.9
93,0,86,2.6
92,0,86,2.5
95,0,86,2.7
96,0,86,2.7
93,0,86,2.6
95,0,86,2.6
95,0,86,2.7
95,0,86,2.6
95,0,86,2.7
94,0,86,2.6
84,0,86,1.8
91,0,86,2.4
93,0,86,2.5
90,0,86,2.3
96,0,86,2.7
92,0,86,2.7
99,0,86,3
86,0,86.9,2
86,0,86.9,2
89,0,86.9,2.3
92,0,86.9,2.5
92,0,86.9,2.4
91,0,86.9,2.4
92,0,86.9,2.4
92,0,87.8,2.5
92,14,87.8,2.8
97,0,87.8,2.8
89,0,87.8,2.3
87,0,86.9,2
86,0,86.9,2
87,0,86.9,2.1
89,0,86.9,2.3
89,0,86,2.2
91,0,86,2.4
90,0,86,2.3
107,0,86,5.5
119,0,86,9
117,0,86,8.9
104,0,86,5.1
110,20,86,6.6
109,0,86,6
106,0,86,5.4
100,20,86,3.2
101,11,86,3.4
95,20,86,2.7
106,14,85.1,5.4
103,0,85.1,3.4
91,0,84.2,2.4
88,0,84.2,2.2
89,0,84.2,2.2
90,0,84.2,2.3
86,0,85.1,2
87,0,85.1,2.1
90,0,85.1,2.3
91,0,85.1,2.4
87,0,85.1,2
89,0,85.1,2.3
89,0,86,2.2
90,0,86,2.3
92,0,86,2.4
91,0,86,2.4
89,0,86,2.2
89,0,86,2.2
89,0,86.9,2.2
91,0,86.9,2.4
91,0,86.9,2.4
95,0,86.9,2.6
85,0,86.9,2
85,0,86.9,1.9
84,0,86.9,2
85,0,87.8,2
89,0,87.8,2.3
91,0,87.8,2.3
89,0,88.7,2.3
88,0,88.7,2.1
88,0,88.7,2.2
85,0,88.7,1.9
84,0,88.7,1.9
96,0,88.7,2.9
100,0,88.7,4
88,0,88.7,2.1
85,0,89.6,2
90,0,89.6,2.3
87,0,90.5,2.1
86,0,90.5,2
87,0,90.5,2.1
87,0,90.5,2.2
86,0,90.5,2
88,0,90.5,2.2
84,0,91.4,1.9
82,0,91.4,1.7
85,0,91.4,2
83,0,91.4,1.7
86,0,91.4,2
92,0,91.4,2.5
91,0,91.4,2.4
90,8,91.4,2.5
94,0,91.4,2.5
102,18,91.4,3.8
92,0,91.4,2.7
102,12,91.4,3.3
104,0,90.5,4.8
83,0,90.5,1.8
90,0,89.6,2.4
83,0,89.6,1.8
83,0,89.6,1.8
84,0,89.6,1.9
82,0,89.6,1.7
76,0,88.7,1.5
79,0,88.7,1.6
79,0,88.7,1.6
79,0,88.7,1.6
78,0,88.7,1.6
80,0,88.7,1.6
79,0,88.7,1.7
82,0,88.7,1.8
78,0,88.7,1.6
80,0,89.6,1.6
81,0,89.6,1.7
82,0,89.6,1.7
82,0,90.5,1.7
83,0,90.5,1.8
84,0,90.5,1.9
83,0,90.5,1.8
83,0,90.5,1.9
85,0,90.5,1.9
84,0,90.5,1.9
84,0,90.5,1.9
84,0,90.5,1.9
85,0,90.5,2
82,0,90.5,1.8
77,0,90.5,1.5
83,0,90.5,1.9
80,0,89.6,1.7
82,0,89.6,1.7
82,0,89.6,1.8
83,0,89.6,1.8
85,0,89.6,2.2
82,0,89.6,1.7
78,0,89.6,1.6
77,0,89.6,1.5
78,0,89.6,1.4
76,0,89.6,1.5
77,0,89.6,1.5
77,0,89.6,1.4
78,0,89.6,1.5
79,0,89.6,1.5
79,0,89.6,1.4
78,0,89.6,1.5
78,0,89.6,1.5
79,0,89.6,1.5
79,0,89.6,1.4
79,0,89.6,1.5
80,0,89.6,1.5
79,0,89.6,1.4
80,0,89.6,1.5
80,0,90.5,1.5
79,0,90.5,1.4
80,0,90.5,1.5
79,0,90.5,1.5
79,0,90.5,1.4
79,0,90.5,1.5
80,0,90.5,1.5
80,0,90.5,1.4
79,0,90.5,1.5
80,0,90.5,1.5
80,0,90.5,1.4
80,0,90.5,1.5
80,0,90.5,1.5
80,0,90.5,1.4
80,0,90.5,1.5
80,0,90.5,1.5
81,0,90.5,1.4
80,0,90.5,1.5
79,0,90.5,1.5
79,0,90.5,1.4
80,0,90.5,1.5
79,0,90.5,1.5
80,0,90.5,1.4
79,0,90.5,1.5
80,0,90.5,1.5
80,0,90.5,1.4
80,0,90.5,1.5
80,0,90.5,1.5
79,0,90.5,1.5
79,0,90.5,1.4
79,0,90.5,1.5
79,0,90.5,1.5
79,0,90.5,1.4
78,0,90.5,1.5
85,0,90.5,1.5
99,0,90.5,1.4
85,0,89.6,1.5
88,0,89.6,1.5
83,0,89.6,1.8
74,0,89.6,1.4
80,0,88.7,1.7
83,0,88.7,1.7
83,0,88.7,1.6
81,0,88.7,1.6
81,0,87.8,1.6
80,0,87.8,1.6
81,0,87.8,1.7
82,0,87.8,1.8
74,0,87.8,1.5
76,0,86.9,1.5
74,0,86.9,1.4
59,0,86.9,1.5
66,0,86,1.5
64,0,86,1.4
72,0,86,1.5
72,0,86,1.5
62,0,86,1.4
74,0,85.1,1.5
59,0,85.1,1.5
69,0,85.1,1.4
74,0,85.1,1.5
69,0,85.1,1.5
70,0,85.1,1.5
76,0,85.1,1.5
88,0,85.1,2.3
65,0,85.1,1.5
68,0,84.2,1.4
70,0,84.2,1.5
71,0,85.1,1.5
70,0,85.1,1.4
71,0,85.1,1.5
71,0,85.1,1.5
72,0,85.1,1.4
72,0,85.1,1.5
70,0,85.1,1.5
72,0,85.1,1.4
71,0,85.1,1.5
72,0,85.1,1.5
71,0,85.1,1.4
73,0,85.1,1.5
73,0,85.1,1.5
73,0,85.1,1.5
81,0,85.1,1.4
94,0,84.2,1.5
90,0,84.2,1.5
71,0,84.2,1.4
68,0,84.2,1.5
65,0,84.2,1.5
67,0,84.2,1.4
68,0,84.2,1.5
69,0,83.3,1.5
69,0,83.3,1.4
70,0,83.3,1.5
70,0,83.3,1.5
79,0,83.3,1.4
73,0,83.3,1.5
69,0,84.2,1.5
71,0,84.2,1.4
71,0,85.1,1.5
72,0,85.1,1.5
74,0,86,1.4
74,0,86,1.5
74,0,86,1.5
76,0,86,1.4
75,0,86,1.5
76,0,86,1.5
75,0,86.9,1.4
75,0,86.9,1.5
77,0,86.9,1.5
76,0,86.9,1.4
77,0,86.9,1.5
76,0,86.9,1.5
77,0,86.9,1.4
77,0,86.9,1.5
77,0,86.9,1.5
76,0,86,1.5
76,0,86,1.4
76,0,86,1.5
77,0,86,1.5
77,0,86,1.4
78,0,86,1.5
76,0,86,1.5
75,0,86,1.4
76,0,86,1.5
76,0,86,1.5
75,0,86,1.4
75,0,86,1.5
75,0,86,1.5
72,0,86,1.4
76,0,86,1.5
71,0,85.1,1.5
75,0,85.1,1.4
68,0,84.2,1.5
70,0,84.2,1.5
71,0,84.2,1.4
68,0,84.2,1.5
61,0,83.3,1.5
71,0,83.3,1.4
64,0,83.3,1.5
64,0,83.3,1.5
66,0,84.2,1.4
64,0,84.2,1.5
59,0,84.2,1.5
64,0,84.2,1.4
74,0,84.2,1.5
63,0,84.2,1.5
65,0,84.2,1.4
70,0,84.2,1.5
74,0,84.2,1.5
75,0,84.2,1.5
75,0,84.2,1.4
74,0,84.2,1.5
75,0,85.1,1.5
73,0,85.1,1.4
72,0,85.1,1.5
72,0,85.1,1.5
73,0,85.1,1.4
72,0,85.1,1.5
71,0,85.1,1.5
74,0,86,1.4
73,0,86,1.5
83,0,86,1.5
70,0,86,1.4
67,0,85.1,1.5
69,0,85.1,1.5
64,0,85.1,1.4
67,0,84.2,1.5
67,0,84.2,1.5
77,0,84.2,1.4
65,0,83.3,1.5
66,0,83.3,1.5
67,0,83.3,1.4
68,0,83.3,1.5
68,0,83.3,1.5
68,0,83.3,1.4
70,0,83.3,1.5
69,0,83.3,1.5
70,0,83.3,1.4
68,0,83.3,1.5
69,0,83.3,1.5
69,0,83.3,1.5
68,0,83.3,1.4
67,0,83.3,1.5
67,0,83.3,1.5
68,0,83.3,1.4
75,0,83.3,1.5
75,0,83.3,1.5
64,0,82.4,1.4
69,0,83.3,1.5
64,0,83.3,1.5
62,0,83.3,1.4
65,0,84.2,1.5
62,0,84.2,1.5
73,0,85.1,1.4
64,0,85.1,1.5
65,0,85.1,1.5
62,0,85.1,1.4
61,0,85.1,1.5
64,0,85.1,1.5
68,0,84.2,1.4
63,0,84.2,1.5
62,0,84.2,1.5
65,0,84.2,1.4
76,0,84.2,1.5
76,0,84.2,1.5
70,0,84.2,1.4
65,0,84.2,1.5
62,0,84.2,1.5
68,0,84.2,1.4
66,0,84.2,1.5
63,0,84.2,1.5
65,0,84.2,1.4
62,0,84.2,1.5
64,0,84.2,1.5
63,0,84.2,1.5
64,0,84.2,1.4
65,0,84.2,1.5
66,0,84.2,1.5
65,0,84.2,1.4
66,0,84.2,1.5
65,0,84.2,1.5
65,0,84.2,1.4
66,0,84.2,1.5
66,0,84.2,1.5
67,0,84.2,1.4
66,0,84.2,1.5
67,0,84.2,1.5
67,0,84.2,1.4
67,0,84.2,1.5
68,0,84.2,1.5
67,0,84.2,1.4
66,0,84.2,1.5
67,0,84.2,1.5
67,0,84.2,1.4
67,0,84.2,1.5
67,0,83.3,1.5
67,0,83.3,1.4
67,0,83.3,1.5
68,0,83.3,1.5
68,0,83.3,1.4
68,0,83.3,1.5
67,0,83.3,1.5
73,0,83.3,1.4
71,0,83.3,1.5
60,0,83.3,1.5
65,0,83.3,1.4
63,0,83.3,1.5
68,0,83.3,1.5
62,0,83.3,1.5
64,0,83.3,1.4
63,0,83.3,1.5
63,0,83.3,1.5
62,0,83.3,1.4
63,0,83.3,1.5
63,0,84.2,1.5
66,0,84.2,1.4
65,0,84.2,1.5
67,0,84.2,1.5
67,0,84.2,1.4
69,0,85.1,1.5
69,0,85.1,1.5
73,0,85.1,1.4
71,0,85.1,1.5
74,0,85.1,1.5
70,0,85.1,1.4
70,0,86,1.5
71,0,86,1.5
67,0,86,1.4
69,0,86,1.5
69,0,86,1.5
73,0,86,1.4
69,0,86,1.5
67,0,86,1.5
76,0,86,1.4
63,0,86.9,1.5
68,0,86.9,1.5
68,0,86.9,1.4
72,0,86.9,1.5
72,0,86.9,1.5
69,0,86.9,1.4
65,0,86.9,1.5
70,0,86.9,1.5
71,0,86.9,1.5
68,0,87.8,1.4
68,0,87.8,1.5
67,0,87.8,1.5
69,0,87.8,1.4
76,0,87.8,1.5
73,0,87.8,1.5
65,0,87.8,1.4
70,0,87.8,1.5
64,0,86.9,1.5
61,0,86.9,1.4
63,0,86.9,1.5
62,0,86.9,1.5
63,0,86.9,1.4
65,0,86.9,1.5
67,0,86.9,1.5
65,0,86.9,1.4
67,0,86.9,1.5
68,0,87.8,1.5
68,0,87.8,1.4
73,0,87.8,1.6
64,0,87.8,1.5
63,0,87.8,1.4
63,0,87.8,1.5
65,0,86.9,1.5
65,0,86.9,1.4
66,0,86.9,1.5
67,0,86,1.5
67,0,86,1.4
69,0,86,1.5
69,0,86,1.5
69,0,86,1.4
69,0,85.1,1.5
69,0,85.1,1.5
69,0,85.1,1.4
79,0,85.1,1.7
61,0,85.1,1.5
61,0,85.1,1.4
64,0,85.1,1.5
61,0,85.1,1.5
62,0,85.1,1.4
64,0,85.1,1.5
65,0,86,1.5
66,0,86,1.4
65,0,86,1.5
62,0,86.9,1.5
67,0,86.9,1.5
61,0,86.9,1.4
60,0,86.9,1.5
62,0,86,1.5
65,0,86,1.4
64,0,86,1.5
65,0,85.1,1.5
66,0,85.1,1.4
68,0,85.1,1.5
66,0,85.1,1.5
66,0,84.2,1.4
67,0,84.2,1.5
67,0,84.2,1.5
75,0,84.2,1.4
63,0,84.2,1.5
62,0,84.2,1.5
62,0,83.3,1.4
67,0,83.3,1.5
66,0,83.3,1.5
63,0,83.3,1.4
65,0,83.3,1.5
63,0,83.3,1.5
63,0,83.3,1.4
62,0,83.3,1.5
61,0,83.3,1.5
67,0,83.3,1.4
69,0,83.3,1.5
71,0,83.3,1.5
74,0,82.4,1.5
62,0,82.4,1.4
64,0,83.3,1.5
61,0,83.3,1.5
61,0,83.3,1.4
65,0,83.3,1.5
68,0,83.3,1.5
66,0,83.3,1.4
66,0,83.3,1.5
63,0,83.3,1.5
71,0,84.2,1.4
67,0,84.2,1.5
64,0,85.1,1.5
72,0,85.1,1.4
64,0,85.1,1.5
68,0,86,1.5
69,0,86,1.4
68,0,86,1.5
68,0,86,1.5
68,0,86.9,1.4
68,0,86.9,1.5
68,0,86.9,1.5
71,0,86.9,1.4
68,0,87.8,1.5
68,0,87.8,1.5
67,0,87.8,1.4
69,0,87.8,1.5
69,0,87.8,1.5
72,0,88.7,1.4
67,0,88.7,1.5
71,15,88.7,1.5
95,0,88.7,1.5
101,37,88.7,1.4
98,0,87.8,1.5
90,0,87.8,1.5
89,0,86.9,1.4
94,8,86.9,2.6
94,9,86,2.8
91,0,86,2.4
107,0,86,4.7
106,10,86,4.1
100,11,86,3
100,8,85.1,3.9
100,67,85.1,3.2
86,0,85.1,2
78,0,85.1,1.7
92,11,85.1,2.5
94,20,85.1,2.7
92,25,85.1,2.4
81,0,84.2,1.9
89,0,84.2,2.3
83,0,84.2,2.1
98,0,84.2,2.9
86,0,84.2,2.2
89,0,84.2,1.9
74,0,83.3,1.6
85,35,83.3,2.3
111,0,83.3,6.1
110,28,83.3,4.9
101,33,83.3,3.8
95,21,83.3,3.1
88,12,83.3,2.5
96,31,83.3,3.4
86,28,83.3,2.2
83,0,84.2,1.8
79,0,84.2,1.7
84,24,84.2,1.9
90,0,83.3,2.4
76,13,83.3,1.6
95,99,82.4,2.8
114,87,81.5,6.8
115,88,80.6,7.4
121,83,78.8,8.2
95,79,77.9,2.8
81,56,77,1.8
83,9,76.1,2
85,14,75.2,1.9
100,114,74.3,4.2
108,109,74.3,5.2
117,101,73.4,7.8
111,101,72.5,6.5
103,103,71.6,3.6
108,47,70.7,4.9
99,0,70.7,3
87,0,70.7,1.9
93,0,71.6,2.5
95,0,73.4,2.8
96,0,74.3,2.6
100,112,75.2,3.1
99,115,75.2,3.4
98,123,76.1,3.2
86,103,75.2,2.5
103,123,75.2,4.2
116,124,74.3,8.5
123,122,73.4,9.8
95,70,73.4,3.2
104,47,71.6,4.4
101,6,71.6,3.3
92,15,72.5,2.9
85,23,72.5,2.2
78,66,73.4,2
107,124,74.3,5.9
94,124,75.2,3.3
97,127,75.2,3.5
107,124,74.3,5
95,46,74.3,3
106,128,74.3,6.1
127,129,74.3,10.6
125,128,73.4,10
123,128,73.4,9.8
111,118,73.4,7.3
114,98,72.5,8.1
98,0,72.5,4.1
84,0,73.4,1.8
86,27,73.4,2.1
93,0,74.3,2.5
92,0,74.3,2.5
104,84,74.3,4.2
124,120,75.2,9.8
111,1,76.1,4.9
92,0,76.1,2.5
89,0,76.1,2.1
88,0,76.1,2.2
80,0,76.1,1.8
80,0,76.1,1.8
81,0,76.1,1.9
77,0,77,1.7
89,0,77,2.1
82,0,78.8,1.8
84,0,79.7,2
85,0,80.6,1.9
86,0,81.5,2
90,0,82.4,2.3
106,116,83.3,6
137,123,83.3,11.8
115,44,83.3,7.9
97,37,82.4,2.6
96,101,82.4,2.8
100,73,82.4,3.5
101,12,82.4,3.3
95,22,82.4,2.6
81,28,83.3,2
99,18,83.3,3.1
87,0,84.2,2
92,0,84.2,2.5
95,0,84.2,2.7
93,0,85.1,2.4
89,0,85.1,2.2
80,0,85.1,1.6
80,0,86,1.7
86,0,86,2.3
92,0,86,2.4
87,0,86,2
90,0,86,2.2
92,13,86.9,2.6
89,16,86.9,2.2
93,0,86.9,2.6
91,13,86,2.3
92,0,86,2.4
73,0,86,1.5
78,0,86,1.6
93,0,86,2.5
78,0,86.9,1.7
90,0,86.9,2.3
88,10,86.9,2.3
89,0,86.9,2.2
90,0,86.9,2.3
90,0,86.9,2.2
88,0,86.9,2.2
84,0,86.9,1.9
90,0,86.9,2.3
92,0,86.9,2.5
87,0,87.8,2
85,0,87.8,1.8
90,0,87.8,2.2
87,0,87.8,2
88,0,87.8,2.1
89,0,88.7,2.2
88,0,88.7,2.1
86,0,88.7,2.1
86,0,88.7,2
89,0,88.7,2.2
91,0,88.7,2.3
88,0,88.7,2.2
89,0,89.6,2.1
89,0,89.6,2.1
89,0,89.6,2.2
91,0,89.6,2.4
96,0,89.6,2.7
87,0,89.6,2.1
86,0,89.6,2
84,0,89.6,1.8
91,0,89.6,2.4
88,0,89.6,2.1
90,0,89.6,2.2
94,0,89.6,2.4
93,0,89.6,2.5
92,0,89.6,2.4
94,0,89.6,2.6
94,0,90.5,2.5
95,0,90.5,2.6
98,0,90.5,2.8
103,0,90.5,3.5
100,0,90.5,3
97,21,90.5,2.9
97,0,90.5,3.1
99,15,90.5,3.1
112,0,90.5,7.1
102,0,90.5,4.4
90,0,89.6,2.3
98,0,89.6,2.9
96,0,89.6,2.6
93,0,89.6,2.4
92,0,89.6,2.4
95,0,89.6,2.7
96,0,89.6,2.6
97,0,89.6,2.8
95,0,89.6,2.6
97,0,89.6,2.8
96,0,89.6,2.6
93,0,89.6,2.6
92,0,89.6,2.4
96,0,89.6,2.7
95,0,89.6,2.7
95,0,89.6,2.6
102,0,89.6,3.2
96,13,89.6,2.8
110,9,89.6,5.8
96,0,89.6,2.7
96,0,89.6,2.7
95,0,89.6,2.5
102,31,88.7,3.9
101,0,88.7,2.8
94,0,88.7,2.6
93,0,88.7,2.3
94,0,88.7,2.5
96,0,88.7,2.6
96,0,88.7,2.7
107,0,88.7,5.1
112,0,88.7,7.5
109,0,88.7,4.8
114,0,88.7,7.7
116,0,88.7,8
113,0,88.7,7.7
109,0,88.7,5.6
111,0,88.7,6.4
109,0,88.7,5.8
105,0,88.7,3.9
116,0,88.7,7.9
116,0,88.7,8.3
125,0,88.7,9.4
116,0,88.7,7.7
118,34,88.7,8.7
107,0,88.7,4.8
97,0,87.8,2.8
101,0,87.8,3.1
99,0,87.8,2.9
98,0,87.8,2.8
97,0,87.8,2.7
96,0,87.8,2.7
97,0,87.8,2.7
98,0,88.7,2.9
96,0,88.7,2.7
95,42,88.7,2.9
106,30,89.6,4.6
110,58,89.6,6.1
117,11,89.6,8.1
101,0,89.6,2.3
100,13,88.7,3
108,0,88.7,4.7
102,21,88.7,3.2
99,0,88.7,2.8
101,0,88.7,2.9
102,0,88.7,3.8
108,0,88.7,5
107,0,88.7,4.8
107,0,88.7,4.4
110,0,88.7,6.6
112,0,88.7,7.3
102,0,88.7,3.3
106,0,88.7,4.2
104,0,89.6,4.6
99,0,89.6,2.9
97,0,89.6,2.8
99,0,89.6,2.8
98,0,89.6,2.9
99,0,88.7,2.9
98,0,89.6,2.8
92,0,89.6,2.4
95,0,89.6,2.6
90,0,89.6,2.3
92,0,89.6,2.4
94,36,90.5,2.8
95,69,90.5,3
101,49,90.5,3.2
100,12,90.5,3.3
101,0,89.6,3.1
92,0,89.6,2.4
97,0,89.6,2.7
103,0,89.6,3.6
106,0,89.6,4.7
106,0,89.6,4
103,0,89.6,3.5
100,0,90.5,2.9
98,0,89.6,2.8
98,0,89.6,2.8
94,0,90.5,2.6
99,0,90.5,2.8
100,0,90.5,3.1
94,0,90.5,2.5
105,0,90.5,4.3
98,0,90.5,2.9
94,0,90.5,2.6
103,0,90.5,3.1
94,0,90.5,2.5
98,0,89.6,2.7
97,0,89.6,2.8
95,0,89.6,2.6
89,0,89.6,2.2
92,0,90.5,2.3
97,0,89.6,2.8
97,0,90.5,2.7
97,0,89.6,2.8
100,0,89.6,3
104,0,89.6,3.8
100,0,89.6,3
99,0,90.5,2.9
95,0,89.6,2.5
93,0,89.6,2.5
100,0,89.6,3.1
103,0,89.6,3.3
104,0,89.6,3.1
103,0,89.6,3.2
104,0,89.6,3.2
103,0,89.6,3.2
102,0,89.6,3.1
99,0,89.6,2.9
96,0,90.5,2.7
92,0,89.6,2.3
99,0,89.6,2.9
99,0,89.6,2.9
97,0,89.6,2.8
97,0,89.6,2.7
96,0,89.6,2.7
90,0,89.6,2.3
99,0,89.6,2.8
94,0,89.6,2.5
100,0,89.6,3
98,0,89.6,2.8
102,0,89.6,3.4
92,0,89.6,2.5
99,33,89.6,2.9
111,0,89.6,6.8
104,33,89.6,4.1
102,0,89.6,3.2
97,0,89.6,2.8
97,0,88.7,2.9
95,0,88.7,2.7
107,10,88.7,5
101,0,88.7,3.4
99,0,87.8,3
100,0,87.8,3.1
100,0,87.8,3
103,9,87.8,3.9
104,0,87.8,3.4
105,21,87.8,4.5
106,0,87.8,4.5
90,0,87.8,2.3
96,0,86.9,2.6
98,0,86.9,2.9
96,0,86.9,2.7
105,0,87.8,3.6
105,0,87.8,4.4
101,0,87.8,3.3
100,0,87.8,3.6
104,0,87.8,3.8
104,0,86.9,4
92,0,87.8,2.3
97,0,87.8,2.8
98,0,87.8,2.8
101,0,87.8,3.1
95,0,87.8,2.7
98,0,87.8,2.8
100,0,87.8,2.9
102,0,87.8,3.5
90,0,87.8,2.3
89,0,87.8,2.2
92,0,87.8,2.4
93,0,87.8,2.2
94,0,87.8,2.6
92,0,88.7,2.5
90,0,88.7,2.3
92,0,88.7,2.5
94,0,88.7,2.5
94,0,88.7,2.5
95,0,88.7,2.7
93,0,88.7,2.5
93,0,88.7,2.5
94,0,88.7,2.6
98,0,88.7,3
96,0,88.7,2.8
92,0,88.7,2.5
92,0,88.7,2.4
96,0,88.7,2.7
94,0,88.7,2.7
91,0,88.7,2.4
92,0,88.7,2.6
92,0,88.7,2.5
98,0,88.7,3.2
96,0,88.7,3
95,0,88.7,2.6
87,0,88.7,2.1
89,0,87.8,2.2
89,0,87.8,2.2
93,0,87.8,2.5
92,0,88.7,2.4
94,42,88.7,2.9
96,0,88.7,2.7
94,18,87.8,2.7
95,0,87.8,2.6
92,0,87.8,2.4
94,0,87.8,2.6
97,0,86.9,2.8
91,0,86.9,2.4
93,0,86.9,2.6
92,0,86.9,2.5
89,0,86.9,2.2
88,0,86.9,2.1
89,0,86.9,2.2
88,35,86.9,2.5
99,35,86.9,3.1
95,0,86.9,2.6
89,0,86.9,2.2
91,0,86.9,2.4
93,0,86.9,2.5
89,0,87.8,2.2
94,0,87.8,2.6
96,0,87.8,2.6
93,0,87.8,2.5
92,0,88.7,2.4
95,29,88.7,2.8
100,0,88.7,3
93,0,88.7,2.5
89,0,88.7,2.3
92,0,88.7,2.3
87,0,88.7,2.1
84,0,88.7,1.9
86,0,88.7,1.9
87,0,88.7,2.1
93,0,88.7,2.6
92,0,88.7,2.3
90,0,88.7,2.3
87,0,88.7,2
89,0,88.7,2.3
90,0,88.7,2.2
91,0,88.7,2.4
91,0,88.7,2.4
83,0,88.7,1.7
88,0,88.7,2.2
91,0,88.7,2.4
90,0,88.7,2.2
89,0,88.7,2.2
92,0,88.7,2.4
92,0,88.7,2.4
91,0,88.7,2.4
86,0,88.7,2
85,0,88.7,1.9
85,0,88.7,2
86,0,88.7,2
91,0,88.7,2.3
86,0,88.7,2
72,0,88.7,1.6
74,0,88.7,1.5
89,0,88.7,2.1
84,0,88.7,2
91,0,88.7,2.3
94,0,88.7,2.5
90,0,88.7,2.3
88,0,89.6,2.1
98,0,89.6,2.8
89,0,89.6,2.2
91,0,89.6,2.4
89,0,88.7,2.2
92,0,88.7,2.5
92,0,88.7,2.4
92,0,88.7,2.3
89,0,89.6,2.2
82,0,88.7,1.7
86,0,88.7,2
89,0,88.7,2.1
86,0,88.7,2
92,0,88.7,2.4
89,0,88.7,2.2
89,0,88.7,2.1
91,0,89.6,2.3
91,0,89.6,2.5
98,57,89.6,3.1
100,93,88.7,3.4
101,36,88.7,3.7
96,82,88.7,2.9
88,18,88.7,2.4
93,0,87.8,2.6
85,0,87.8,1.9
82,0,87.8,1.8
75,0,87.8,1.6
93,0,87.8,2.3
88,0,87.8,2.1
93,0,87.8,2.6
101,0,87.8,3.4
83,0,87.8,1.7
81,0,87.8,1.7
87,0,87.8,2
82,0,87.8,1.6
80,0,87.8,1.6
83,0,87.8,1.8
82,0,88.7,1.8
69,22,87.8,1.5
68,0,87.8,1.5
77,0,87.8,1.5
71,0,87.8,1.5
83,0,87.8,1.8
83,0,86.9,1.8
68,0,86.9,1.5
71,0,86.9,1.4
70,0,86.9,1.5
70,0,86.9,1.5
76,0,86.9,1.5
80,0,86,1.5
80,0,85.1,1.6
86,56,83.3,2.3
98,82,82.4,3.3
105,110,81.5,4.3
97,86,81.5,3.3
102,89,81.5,3.6
126,26,81.5,9.7
99,0,81.5,3.4
85,0,81.5,2
83,0,82.4,1.9
97,0,82.4,2.7
104,0,82.4,3.3
101,0,82.4,3.4
100,20,81.5,3.3
98,10,81.5,3
97,107,81.5,3.1
96,0,81.5,2.7
91,15,81.5,2.8
98,42,81.5,2.8
88,0,81.5,2.1
85,0,82.4,2.1
84,0,82.4,1.8
83,0,82.4,1.8
77,0,82.4,1.5
85,0,83.3,1.9
87,0,83.3,2
89,0,83.3,2.1
85,0,84.2,1.9
84,0,84.2,1.9
91,0,84.2,2.2
87,0,84.2,2.1
89,0,85.1,2.1
95,0,85.1,2.5
88,0,85.1,2.1
90,0,85.1,2.3
79,0,86,1.6
89,0,86,2.3
85,0,86,2
87,0,86,2
90,0,86,2.3
93,0,86,2.6
91,0,86.9,2.4
94,0,86.9,2.5
86,16,86.9,2.1
93,0,86.9,2.4
83,0,86.9,1.8
99,0,86.9,2.8
84,0,86.9,1.9
88,8,87.8,2.4
100,0,87.8,3.5
94,13,87.8,2.7
94,1,87.8,2.7
88,0,87.8,2.1
94,8,87.8,2.7
89,0,87.8,2.2
84,0,87.8,2
83,0,87.8,1.8
85,0,86.9,1.9
87,0,86.9,2.1
87,0,86.9,1.9
87,0,86.9,2.1
87,0,87.8,2
85,0,87.8,1.9
89,0,86.9,2.2
85,0,87.8,2.1
101,0,87.8,3.2
89,11,87.8,2.3
82,10,87.8,1.8
92,0,87.8,2.6
87,0,87.8,2.1
89,0,87.8,2.2
87,0,87.8,2
86,0,87.8,2
88,0,87.8,2.2
86,0,87.8,1.9
91,0,87.8,2.4
97,0,87.8,2.8
89,0,87.8,2.2
91,0,87.8,2.4
87,0,87.8,2.1
97,30,88.7,3
95,9,88.7,2.8
95,0,87.8,2.8
93,0,87.8,2.5
96,0,87.8,2.6
93,0,86.9,2.5
90,9,86.9,2.7
86,0,87.8,2.3
88,21,87.8,2.4
97,0,87.8,2.8
85,29,87.8,2.3
94,25,87.8,3.1
100,127,87.8,3.4
108,84,87.8,4.5
99,0,86.9,2.6
96,0,86,2.9
84,0,86,1.9
84,0,86,1.9
84,0,86,1.9
94,0,86,2.6
89,0,86,2.3
84,0,86,1.9
90,0,86,2.2
87,0,86,2.3
90,0,86,2.4
83,0,86,2.1
83,14,86,2.2
103,39,85.1,4.4
90,113,85.1,2.6
107,108,84.2,5.8
102,59,83.3,3.8
98,0,83.3,3.3
108,0,83.3,5.7
96,19,83.3,3.1
93,75,84.2,2.7
94,40,84.2,2.8
97,57,84.2,3.1
97,32,84.2,2.9
97,88,84.2,3.1
98,21,84.2,2.9
92,0,84.2,2.6
93,23,85.1,2.7
99,47,85.1,3.3
99,23,85.1,2.5
95,0,85.1,2.7
93,0,86,2.5
95,0,86,2.8
86,13,86,2.1
98,34,86.9,3.3
102,0,86.9,3.6
90,0,86.9,2.3
89,0,86.9,2.3
91,0,86.9,2.3
92,0,86.9,2.4
93,0,86.9,2.5
87,0,86.9,2.1
85,0,87.8,2
82,0,87.8,1.7
89,0,86.9,2.3
88,0,86.9,2.2
91,0,87.8,2.4
91,59,87.8,2.7
94,28,87.8,2.5
85,0,87.8,2
89,0,87.8,2.3
88,0,86.9,2.1
85,0,87.8,2.1
87,0,87.8,2
89,0,88.7,2.2
92,0,88.7,2.4
83,0,88.7,1.8
88,0,89.6,2.2
92,0,89.6,2.4
90,38,88.7,2.4
89,43,88.7,2.4
95,93,88.7,2.9
92,70,87.8,2.6
80,28,87.8,1.8
88,51,86.9,2.3
93,8,86.9,2.5
81,57,86.9,2
98,0,86.9,2.8
101,36,86,3
100,25,86,3.3
88,0,85.1,2.2
92,0,85.1,2.5
92,77,84.2,2.8
87,0,84.2,2.2
81,61,83.3,2
76,16,83.3,1.7
68,5,83.3,1.4
60,0,83.3,1.5
83,0,83.3,1.9
85,0,83.3,1.9
85,0,83.3,2.1
71,0,83.3,1.5
86,0,84.2,2.1
100,9,84.2,3
85,0,84.2,2.2
89,28,84.2,2.4
84,30,85.1,2.2
78,0,85.1,1.8
88,0,85.1,2.3
93,65,85.1,2.7
86,90,85.1,2.4
87,48,85.1,2.2
96,11,84.2,3
101,0,84.2,4.3
101,0,84.2,4.3
87,0,84.2,2.1
88,0,84.2,2.3
87,0,84.2,2.2
94,0,84.2,2.9
102,76,84.2,3.9
96,42,84.2,2.9
87,26,84.2,2.3
95,0,83.3,2.7
91,0,83.3,2.4
94,0,83.3,2.9
92,0,82.4,2.5
101,14,82.4,3.4
99,55,82.4,3.6
86,0,82.4,2.1
89,0,82.4,2.3
88,0,82.4,2.2
86,0,82.4,2
88,44,82.4,2.4
101,4,83.3,3.6
99,0,83.3,3.1
91,0,83.3,3.1
87,0,83.3,2.1
83,0,83.3,1.9
88,0,83.3,2.3
89,0,83.3,2.5
92,0,83.3,2.8
104,20,83.3,4.6
98,33,83.3,3.1
95,0,83.3,2.5
108,14,83.3,6
115,23,83.3,5.3
121,13,83.3,9.5
108,10,83.3,6.4
92,0,83.3,2.5
101,0,83.3,3.7
94,0,83.3,2.5
96,0,83.3,2.9
94,0,83.3,2.7
99,0,83.3,3.5
98,0,84.2,3.2
109,11,83.3,4.8
93,12,83.3,2.8
97,11,83.3,3.3
108,0,83.3,6.3
111,0,83.3,6
110,21,83.3,6
97,11,82.4,3.5
102,0,82.4,3.7
103,0,82.4,4.8
100,12,82.4,3.2
90,0,82.4,2.1
82,0,82.4,1.9
94,0,82.4,2.8
102,0,82.4,4.5
96,0,82.4,2.8
96,0,82.4,2.9
105,0,82.4,4.9
117,20,83.3,8.3
92,0,83.3,2.7
85,0,83.3,1.9
84,0,82.4,1.9
82,0,82.4,1.9
97,0,82.4,3
89,0,82.4,2.3
83,0,82.4,2
89,0,83.3,2.3
87,0,83.3,2.1
90,0,83.3,2.3
89,0,83.3,2.3
86,0,84.2,2.3
86,0,84.2,2
88,0,84.2,2.3
86,0,84.2,2.1
91,0,85.1,2.4
94,0,85.1,2.8
110,0,85.1,5.2
97,9,85.1,3.8
101,21,85.1,3.6
104,12,85.1,4.2
99,0,86,3.1
92,0,86,2.5
88,0,86,2.1
90,0,86,2.3
91,0,86,2.5
92,0,86,2.5
92,0,86,2.5
88,0,86,2.2
86,0,86,2
87,0,85.1,2.2
90,0,85.1,2.3
92,20,86,2.6
86,12,86.9,2.7
98,0,86,3
86,0,86,2.2
90,0,86,2.3
98,12,86,3.6
104,0,86,5.2
109,0,86,5.4
109,8,86.9,6.3
111,0,89.6,6.7
120,15,90.5,8.7
113,23,90.5,7
94,53,89.6,3
100,30,88.7,3.7
101,78,87.8,3.6
97,60,86.9,2.5
90,0,86,2.3
90,0,86,2.3
90,0,85.1,2.4
98,0,85.1,3
101,13,85.1,3.9
110,0,84.2,6.8
89,0,84.2,2.4
90,0,84.2,2.2
87,0,84.2,2.2
86,0,84.2,2
87,0,84.2,2.2
89,0,84.2,2.3
89,0,84.2,2.4
88,0,84.2,2.3
90,11,85.1,2.6
100,20,85.1,3.4
97,21,85.1,3.1
91,29,85.1,2.6
99,20,85.1,3.3
97,0,85.1,2.8
100,0,85.1,3.9
96,0,85.1,2.9
90,0,85.1,2.3
85,0,85.1,2
88,0,85.1,2.3
91,0,85.1,2.4
95,0,85.1,2.7
95,0,85.1,2.7
97,0,86,2.9
100,0,86.9,3.1
100,0,86.9,3
100,0,87.8,3.1
89,0,88.7,2.4
93,0,88.7,2.6
97,7,88.7,3
108,0,88.7,5.7
106,0,88.7,5.1
100,0,88.7,3.1
101,0,88.7,3.2
100,0,88.7,3.1
104,0,88.7,3.6
103,0,88.7,3.3
104,0,89.6,4
104,0,89.6,4.1
104,0,89.6,3.8
103,0,90.5,3.3
100,0,90.5,3.3
94,0,91.4,2.6
90,0,91.4,2.4
90,0,90.5,2.3
91,0,90.5,2.4
91,0,90.5,2.5
88,0,89.6,2.2
87,0,90.5,2.1
87,0,90.5,2.1
89,0,89.6,2.3
84,0,89.6,2
88,0,89.6,2.2
89,0,89.6,2.3
88,0,89.6,2.2
89,0,89.6,2.3
90,0,89.6,2.3
91,0,88.7,2.5
89,0,89.6,2.3
91,0,89.6,2.4
90,0,89.6,2.4
90,0,89.6,2.3
91,0,89.6,2.5
94,0,89.6,2.6
97,0,89.6,3.1
93,0,89.6,2.6
87,0,89.6,2.2
92,0,90.5,2.4
91,0,90.5,2.5
80,0,90.5,1.8
86,0,90.5,2.2
87,0,90.5,2.2
97,0,90.5,3.1
104,0,90.5,5
108,0,90.5,6.7
98,0,90.5,3
91,0,89.6,2.4
93,0,89.6,2.6
94,0,89.6,2.6
93,0,88.7,2.6
88,0,88.7,2.2
91,0,88.7,2.5
91,0,88.7,2.5
93,0,89.6,2.5
91,0,89.6,2.4
91,0,88.7,2.5
92,0,88.7,2.5
93,0,88.7,2.7
89,0,88.7,2.3
90,0,88.7,2.4
92,0,88.7,2.5
91,0,88.7,2.4
95,0,88.7,2.7
91,0,88.7,2.3
91,0,88.7,2.4
90,0,89.6,2.4
90,0,88.7,2.3
91,0,88.7,2.4
94,0,88.7,2.7
90,0,88.7,2.6
85,0,89.6,2
87,0,89.6,2.1
88,0,89.6,2.3
90,0,89.6,2.3
85,0,89.6,2.1
86,0,89.6,2
86,0,89.6,2
84,0,89.6,2
86,0,89.6,2
86,0,89.6,2
88,0,89.6,2.3
85,0,89.6,1.9
87,0,88.7,2.1
86,0,88.7,2
88,0,88.7,2.2
89,0,88.7,2.2
86,0,88.7,2.1
88,0,88.7,2.2
88,0,87.8,2.1
90,0,87.8,2.3
87,0,87.8,2.2
87,0,87.8,2.1
87,0,87.8,2.1
89,0,87.8,2.3
89,0,86.9,2.2
90,0,86.9,2.4
85,0,87.8,2
87,0,88.7,2.1
87,0,88.7,2.2
89,0,88.7,2.3
91,0,88.7,2.3
88,0,88.7,2.2
88,0,88.7,2.4
88,0,88.7,2.3
91,0,88.7,2.6
94,12,88.7,2.5
90,0,88.7,2.5
97,0,88.7,3.1
92,0,88.7,2.6
88,0,88.7,2.3
86,0,88.7,2.1
78,0,87.8,1.7
82,0,87.8,1.7
82,0,87.8,1.9
81,0,87.8,1.7
82,0,86.9,1.7
83,0,86.9,1.8
80,0,86.9,1.7
82,0,86.9,1.7
82,0,86.9,1.7
89,0,86,2.3
83,0,86.9,1.8
83,0,86.9,1.9
74,0,86.9,1.5
74,0,86.9,1.5
78,0,86.9,1.5
83,0,86.9,1.9
73,0,86.9,1.5
83,0,86.9,2
80,0,86.9,1.7
78,0,86.9,1.6
80,0,86.9,1.6
77,0,86.9,1.5
79,0,86.9,1.6
80,0,86.9,1.6
79,0,86.9,1.6
79,0,86.9,1.6
80,0,86.9,1.6
80,0,86,1.6
82,0,86,1.8
77,0,86,1.6
87,0,86,2.3
106,0,86,5.4
86,0,86.9,2.1
93,0,87.8,2.6
85,0,87.8,2.1
89,15,87.8,2.5
90,0,87.8,2.4
83,0,87.8,1.8
82,0,87.8,1.8
86,0,87.8,2
79,0,86.9,1.6
81,0,86.9,1.7
79,0,86.9,1.7
79,0,86.9,1.6
82,0,86.9,1.8
85,0,86.9,1.9
85,0,86.9,1.9
83,0,86.9,1.8
85,0,86.9,1.9
93,0,86.9,3.1
104,0,86.9,5.2
